Record_ID,Video_ID,Video_Title,Channel_ID,Country_ID,Category_ID,Trending_Date,Published_Date,Trending_Rank,Views,Likes,Comments,Duration_Days
TR000001,VID000001,Top 10 Gaming Moments,CH004,US,C03,2026-06-01,2026-04-02,1,436482,8123,5973,2
TR000002,VID000002,Top 10 Gaming Moments,CH008,CA,C05,2026-06-01,2026-05-30,2,153627,9162,540,6
TR000003,VID000003,Funny Moments You Can't Miss,CH002,KR,C01,2026-06-01,2026-04-18,3,925849,22490,3093,14
TR000004,VID000004,Championship Final Highlights,CH008,US,C05,2026-06-01,2026-03-13,4,525112,49081,4371,10
TR000005,VID000005,2026 Global Music Festival Highlights,CH009,GB,C06,2026-06-01,2026-04-21,5,190342,3167,1263,12
TR000006,VID000006,Breaking News: Global Update,CH008,CA,C05,2026-06-01,2026-03-30,6,264785,26643,2846,3
TR000007,VID000007,AI Technology Explained,CH001,US,C07,2026-06-01,2026-05-27,7,546662,60718,7011,2
TR000008,VID000008,AI Technology Explained,CH001,US,C07,2026-06-01,2026-05-09,8,803750,68502,8162,8
TR000009,VID000009,Behind the Scenes: Movie Production,CH006,TW,C08,2026-06-01,2026-04-27,9,156712,14086,1807,7
TR000010,VID000010,AI Technology Explained,CH007,GB,C09,2026-06-01,2026-05-23,10,410116,36754,864,13
TR000011,VID000011,Best Travel Destinations 2026,CH003,CA,C04,2026-06-01,2026-02-25,11,107071,7323,1462,7
TR000012,VID000012,Breaking News: Global Update,CH011,KR,C02,2026-06-01,2026-04-26,12,1254806,143047,11523,6
TR000013,VID000013,AI Technology Explained,CH012,TW,C01,2026-06-01,2026-04-20,13,730473,77797,8877,4
TR000014,VID000014,2026 Global Music Festival Highlights,CH011,JP,C02,2026-06-01,2026-02-02,14,1408712,153675,7199,1
TR000015,VID000015,2026 Global Music Festival Highlights,CH009,TW,C06,2026-06-01,2026-03-31,15,185293,13170,1395,3
TR000016,VID000016,Championship Final Highlights,CH010,US,C10,2026-06-01,2026-05-08,16,266560,30389,1382,9
TR000017,VID000017,2026 Global Music Festival Highlights,CH004,JP,C03,2026-06-01,2026-03-31,17,434281,20234,2010,11
TR000018,VID000018,2026 Global Music Festival Highlights,CH001,JP,C07,2026-06-01,2026-05-30,18,82991,4826,81,1
TR000019,VID000019,Best Travel Destinations 2026,CH003,GB,C04,2026-06-01,2026-05-30,19,36360,2656,330,11
TR000020,VID000020,Top 10 Gaming Moments,CH008,US,C05,2026-06-01,2026-05-15,20,1944136,177815,11339,2
TR000021,VID000021,Breaking News: Global Update,CH006,JP,C08,2026-06-01,2026-05-21,21,738534,22765,5811,4
TR000022,VID000022,Breaking News: Global Update,CH012,AU,C01,2026-06-01,2026-04-26,22,761837,12754,6037,4
TR000023,VID000023,Funny Moments You Can't Miss,CH007,US,C09,2026-06-01,2026-04-29,23,678753,69884,6989,9
TR000024,VID000024,AI Technology Explained,CH002,JP,C01,2026-06-01,2026-05-01,24,37432,4009,158,10
TR000025,VID000025,Breaking News: Global Update,CH009,GB,C06,2026-06-01,2026-05-30,25,1203188,41888,5466,3
TR000026,VID000026,Championship Final Highlights,CH004,TW,C03,2026-06-01,2026-04-29,26,515256,42463,886,4
TR000027,VID000027,The Ultimate Tech Review 2026,CH006,JP,C08,2026-06-01,2026-03-09,27,69577,7911,1017,14
TR000028,VID000028,Top 10 Gaming Moments,CH002,KR,C01,2026-06-01,2026-04-08,28,1423502,88377,21238,1
TR000029,VID000029,2026 Global Music Festival Highlights,CH004,JP,C03,2026-06-01,2026-05-18,29,1409288,117268,18058,1
TR000030,VID000030,New Science Discovery Explained,CH012,AU,C01,2026-06-01,2026-02-06,30,194719,15930,804,6
TR000031,VID000031,2026 Global Music Festival Highlights,CH003,GB,C04,2026-06-02,2026-05-25,1,1482709,100493,13144,5
TR000032,VID000032,2026 Global Music Festival Highlights,CH012,US,C01,2026-06-02,2026-04-15,2,757637,33700,645,1
TR000033,VID000033,2026 Global Music Festival Highlights,CH012,TW,C01,2026-06-02,2026-03-01,3,811772,75909,11624,14
TR000034,VID000034,Amazing Street Food Tour,CH005,JP,C02,2026-06-02,2026-02-23,4,312106,36808,497,7
TR000035,VID000035,Championship Final Highlights,CH001,US,C07,2026-06-02,2026-05-15,5,899963,79271,7888,2
TR000036,VID000036,Behind the Scenes: Movie Production,CH006,TW,C08,2026-06-02,2026-03-28,6,485278,20229,2320,1
TR000037,VID000037,Breaking News: Global Update,CH008,US,C05,2026-06-02,2026-05-24,7,169565,7770,2074,2
TR000038,VID000038,Top 10 Gaming Moments,CH009,GB,C06,2026-06-02,2026-04-03,8,1762078,121038,13694,1
TR000039,VID000039,The Ultimate Tech Review 2026,CH008,CA,C05,2026-06-02,2026-02-12,9,558101,28178,3318,7
TR000040,VID000040,New Science Discovery Explained,CH006,TW,C08,2026-06-02,2026-05-08,10,527646,16504,7775,10
TR000041,VID000041,AI Technology Explained,CH010,US,C10,2026-06-02,2026-04-14,11,181113,12648,2112,12
TR000042,VID000042,Breaking News: Global Update,CH005,JP,C02,2026-06-02,2026-03-26,12,316532,32733,1050,7
TR000043,VID000043,Breaking News: Global Update,CH008,CA,C05,2026-06-02,2026-05-17,13,449163,21968,5403,12
TR000044,VID000044,Best Travel Destinations 2026,CH010,JP,C10,2026-06-02,2026-03-04,14,688364,12157,9952,9
TR000045,VID000045,Funny Moments You Can't Miss,CH012,US,C01,2026-06-02,2026-06-01,15,316713,13072,2680,8
TR000046,VID000046,Amazing Street Food Tour,CH005,KR,C02,2026-06-02,2026-05-17,16,321950,22296,3228,6
TR000047,VID000047,AI Technology Explained,CH007,GB,C09,2026-06-02,2026-03-18,17,135459,3741,739,5
TR000048,VID000048,Behind the Scenes: Movie Production,CH001,JP,C07,2026-06-02,2026-02-12,18,556248,65553,1692,10
TR000049,VID000049,Amazing Street Food Tour,CH005,JP,C02,2026-06-02,2026-02-22,19,343668,19535,3240,4
TR000050,VID000050,2026 Global Music Festival Highlights,CH002,JP,C01,2026-06-02,2026-05-23,20,127034,10253,990,8
TR000051,VID000051,K-Pop New Release Performance,CH005,KR,C02,2026-06-02,2026-05-29,21,780561,89098,10205,4
TR000052,VID000052,Breaking News: Global Update,CH008,CA,C05,2026-06-02,2026-04-13,22,513077,38585,1212,11
TR000053,VID000053,Behind the Scenes: Movie Production,CH005,JP,C02,2026-06-02,2026-03-29,23,585951,13169,3003,10
TR000054,VID000054,Behind the Scenes: Movie Production,CH010,US,C10,2026-06-02,2026-04-29,24,237352,10057,1825,5
TR000055,VID000055,Behind the Scenes: Movie Production,CH002,TW,C01,2026-06-02,2026-03-19,25,635402,63137,2916,5
TR000056,VID000056,2026 Global Music Festival Highlights,CH009,TW,C06,2026-06-02,2026-04-14,26,791206,72650,1860,7
TR000057,VID000057,Breaking News: Global Update,CH008,US,C05,2026-06-02,2026-04-01,27,95409,8241,1071,9
TR000058,VID000058,K-Pop New Release Performance,CH001,TW,C07,2026-06-02,2026-04-01,28,636073,42705,3911,3
TR000059,VID000059,Top 10 Gaming Moments,CH001,TW,C07,2026-06-02,2026-02-17,29,293229,33857,3024,3
TR000060,VID000060,Funny Moments You Can't Miss,CH010,JP,C10,2026-06-02,2026-05-17,30,1183543,73482,5623,4
TR000061,VID000061,Behind the Scenes: Movie Production,CH011,KR,C02,2026-06-03,2026-02-23,1,2713273,316661,28425,12
TR000062,VID000062,Behind the Scenes: Movie Production,CH001,TW,C07,2026-06-03,2026-02-21,2,663034,15800,7070,9
TR000063,VID000063,Top 10 Gaming Moments,CH002,JP,C01,2026-06-03,2026-03-29,3,1403324,160626,20765,4
TR000064,VID000064,Best Travel Destinations 2026,CH006,JP,C08,2026-06-03,2026-05-03,4,274475,17998,1641,11
TR000065,VID000065,Behind the Scenes: Movie Production,CH010,US,C10,2026-06-03,2026-05-15,5,434079,7028,3166,4
TR000066,VID000066,AI Technology Explained,CH012,US,C01,2026-06-03,2026-02-18,6,162343,15120,1684,14
TR000067,VID000067,Amazing Street Food Tour,CH009,TW,C06,2026-06-03,2026-02-10,7,468556,28495,5683,6
TR000068,VID000068,Funny Moments You Can't Miss,CH005,JP,C02,2026-06-03,2026-02-22,8,190211,7905,2013,2
TR000069,VID000069,Behind the Scenes: Movie Production,CH009,GB,C06,2026-06-03,2026-05-20,9,180369,16665,2483,8
TR000070,VID000070,AI Technology Explained,CH006,JP,C08,2026-06-03,2026-05-10,10,2034641,163003,9200,4
TR000071,VID000071,K-Pop New Release Performance,CH010,US,C10,2026-06-03,2026-04-06,11,207543,10965,886,6
TR000072,VID000072,Breaking News: Global Update,CH001,TW,C07,2026-06-03,2026-05-01,12,184410,10728,1704,13
TR000073,VID000073,The Ultimate Tech Review 2026,CH006,JP,C08,2026-06-03,2026-02-08,13,929091,54737,13030,11
TR000074,VID000074,2026 Global Music Festival Highlights,CH005,JP,C02,2026-06-03,2026-05-01,14,1937014,187208,14460,11
TR000075,VID000075,Funny Moments You Can't Miss,CH005,TW,C02,2026-06-03,2026-04-01,15,1402170,104817,1992,3
TR000076,VID000076,Amazing Street Food Tour,CH001,TW,C07,2026-06-03,2026-02-11,16,304062,6966,3201,5
TR000077,VID000077,Amazing Street Food Tour,CH006,TW,C08,2026-06-03,2026-04-11,17,2182852,206265,13050,14
TR000078,VID000078,2026 Global Music Festival Highlights,CH009,US,C06,2026-06-03,2026-06-02,18,806979,92944,7496,1
TR000079,VID000079,New Science Discovery Explained,CH008,CA,C05,2026-06-03,2026-04-30,19,193320,16531,1555,3
TR000080,VID000080,K-Pop New Release Performance,CH011,JP,C02,2026-06-03,2026-05-22,20,326483,32883,4745,9
TR000081,VID000081,Best Travel Destinations 2026,CH001,US,C07,2026-06-03,2026-04-17,21,1788331,146880,21769,6
TR000082,VID000082,K-Pop New Release Performance,CH012,TW,C01,2026-06-03,2026-04-26,22,299565,23620,2915,3
TR000083,VID000083,2026 Global Music Festival Highlights,CH002,TW,C01,2026-06-03,2026-04-26,23,1051859,48686,8511,5
TR000084,VID000084,Top 10 Gaming Moments,CH004,TW,C03,2026-06-03,2026-04-08,24,398883,41252,4646,8
TR000085,VID000085,Breaking News: Global Update,CH005,TW,C02,2026-06-03,2026-05-28,25,55969,4561,222,9
TR000086,VID000086,Championship Final Highlights,CH007,GB,C09,2026-06-03,2026-03-15,26,404691,12525,1016,4
TR000087,VID000087,Behind the Scenes: Movie Production,CH008,CA,C05,2026-06-03,2026-04-08,27,1199140,82860,17519,3
TR000088,VID000088,New Science Discovery Explained,CH003,US,C04,2026-06-03,2026-05-29,28,349647,17913,1937,5
TR000089,VID000089,K-Pop New Release Performance,CH006,TW,C08,2026-06-03,2026-05-29,29,105441,5614,822,9
TR000090,VID000090,K-Pop New Release Performance,CH010,JP,C10,2026-06-03,2026-04-17,30,365297,29563,615,13
TR000091,VID000091,Championship Final Highlights,CH001,JP,C07,2026-06-04,2026-04-29,1,817631,28105,2890,6
TR000092,VID000092,Behind the Scenes: Movie Production,CH010,US,C10,2026-06-04,2026-03-09,2,943647,66794,10330,14
TR000093,VID000093,The Ultimate Tech Review 2026,CH011,US,C02,2026-06-04,2026-05-28,3,1052679,98646,991,10
TR000094,VID000094,Amazing Street Food Tour,CH006,TW,C08,2026-06-04,2026-02-09,4,708593,28669,3120,12
TR000095,VID000095,Behind the Scenes: Movie Production,CH010,JP,C10,2026-06-04,2026-04-08,5,92919,4739,685,3
TR000096,VID000096,The Ultimate Tech Review 2026,CH009,GB,C06,2026-06-04,2026-05-17,6,543991,13124,4508,8
TR000097,VID000097,The Ultimate Tech Review 2026,CH008,US,C05,2026-06-04,2026-02-16,7,300117,15943,2960,11
TR000098,VID000098,Amazing Street Food Tour,CH008,US,C05,2026-06-04,2026-02-15,8,226748,11266,3183,6
TR000099,VID000099,Championship Final Highlights,CH005,TW,C02,2026-06-04,2026-03-26,9,230811,7983,1069,7
TR000100,VID000100,Top 10 Gaming Moments,CH009,TW,C06,2026-06-04,2026-06-01,10,271814,19047,1753,8
TR000101,VID000101,Funny Moments You Can't Miss,CH006,JP,C08,2026-06-04,2026-03-12,11,248507,8186,2533,2
TR000102,VID000102,Behind the Scenes: Movie Production,CH011,JP,C02,2026-06-04,2026-04-14,12,941652,97038,3270,6
TR000103,VID000103,New Science Discovery Explained,CH004,US,C03,2026-06-04,2026-03-12,13,86895,2351,812,5
TR000104,VID000104,New Science Discovery Explained,CH011,US,C02,2026-06-04,2026-02-24,14,464206,22591,4229,2
TR000105,VID000105,2026 Global Music Festival Highlights,CH008,CA,C05,2026-06-04,2026-05-30,15,1210195,50510,12563,9
TR000106,VID000106,2026 Global Music Festival Highlights,CH011,US,C02,2026-06-04,2026-05-11,16,248477,19540,2985,5
TR000107,VID000107,AI Technology Explained,CH012,TW,C01,2026-06-04,2026-03-18,17,266091,29875,2917,13
TR000108,VID000108,Breaking News: Global Update,CH008,US,C05,2026-06-04,2026-02-19,18,127792,11987,1545,5
TR000109,VID000109,Funny Moments You Can't Miss,CH005,KR,C02,2026-06-04,2026-03-13,19,591120,31138,7814,2
TR000110,VID000110,New Science Discovery Explained,CH008,CA,C05,2026-06-04,2026-04-26,20,3525034,317066,47747,1
TR000111,VID000111,Amazing Street Food Tour,CH007,GB,C09,2026-06-04,2026-05-20,21,68809,3860,565,8
TR000112,VID000112,Best Travel Destinations 2026,CH008,US,C05,2026-06-04,2026-04-26,22,1198930,32699,16937,3
TR000113,VID000113,Funny Moments You Can't Miss,CH008,CA,C05,2026-06-04,2026-04-01,23,2435895,183132,36456,1
TR000114,VID000114,The Ultimate Tech Review 2026,CH005,JP,C02,2026-06-04,2026-04-10,24,428338,12862,1484,10
TR000115,VID000115,Championship Final Highlights,CH005,JP,C02,2026-06-04,2026-03-22,25,1248608,33233,15949,4
TR000116,VID000116,Top 10 Gaming Moments,CH008,US,C05,2026-06-04,2026-05-06,26,265662,19044,2006,12
TR000117,VID000117,Top 10 Gaming Moments,CH002,JP,C01,2026-06-04,2026-03-01,27,1673518,150949,15372,11
TR000118,VID000118,Behind the Scenes: Movie Production,CH010,US,C10,2026-06-04,2026-04-27,28,3266786,126986,21698,14
TR000119,VID000119,Top 10 Gaming Moments,CH011,JP,C02,2026-06-04,2026-05-22,29,1053732,81412,2088,5
TR000120,VID000120,Behind the Scenes: Movie Production,CH008,US,C05,2026-06-04,2026-03-24,30,173422,14462,2026,9
TR000121,VID000121,2026 Global Music Festival Highlights,CH006,TW,C08,2026-06-05,2026-05-07,1,236234,8165,2986,6
TR000122,VID000122,Amazing Street Food Tour,CH007,GB,C09,2026-06-05,2026-04-26,2,269577,21250,1617,9
TR000123,VID000123,The Ultimate Tech Review 2026,CH010,US,C10,2026-06-05,2026-04-09,3,1037419,115760,5728,11
TR000124,VID000124,K-Pop New Release Performance,CH002,JP,C01,2026-06-05,2026-05-19,4,43445,3329,42,3
TR000125,VID000125,K-Pop New Release Performance,CH006,JP,C08,2026-06-05,2026-05-11,5,29825,3312,171,6
TR000126,VID000126,Top 10 Gaming Moments,CH010,US,C10,2026-06-05,2026-02-11,6,419033,35480,1291,9
TR000127,VID000127,K-Pop New Release Performance,CH001,JP,C07,2026-06-05,2026-03-11,7,5799949,127848,65971,8
TR000128,VID000128,Championship Final Highlights,CH003,GB,C04,2026-06-05,2026-05-04,8,469403,30118,4488,3
TR000129,VID000129,New Science Discovery Explained,CH002,TW,C01,2026-06-05,2026-03-19,9,559508,39791,4182,3
TR000130,VID000130,Behind the Scenes: Movie Production,CH004,JP,C03,2026-06-05,2026-05-28,10,2725110,287465,38747,10
TR000131,VID000131,Championship Final Highlights,CH003,GB,C04,2026-06-05,2026-05-02,11,308078,9672,3352,1
TR000132,VID000132,Championship Final Highlights,CH009,TW,C06,2026-06-05,2026-03-30,12,412672,16202,4226,6
TR000133,VID000133,Championship Final Highlights,CH009,TW,C06,2026-06-05,2026-02-24,13,729764,29197,1417,14
TR000134,VID000134,New Science Discovery Explained,CH008,CA,C05,2026-06-05,2026-02-18,14,154313,17912,2190,5
TR000135,VID000135,Breaking News: Global Update,CH007,AU,C09,2026-06-05,2026-05-29,15,1729171,179926,3942,4
TR000136,VID000136,K-Pop New Release Performance,CH012,TW,C01,2026-06-05,2026-06-03,16,955432,105685,9133,10
TR000137,VID000137,Breaking News: Global Update,CH002,JP,C01,2026-06-05,2026-03-10,17,1447299,76836,18793,4
TR000138,VID000138,Championship Final Highlights,CH010,US,C10,2026-06-05,2026-02-17,18,226377,6726,2963,11
TR000139,VID000139,K-Pop New Release Performance,CH007,US,C09,2026-06-05,2026-02-11,19,3818008,160654,9623,14
TR000140,VID000140,Amazing Street Food Tour,CH004,TW,C03,2026-06-05,2026-04-08,20,866534,94937,9118,11
TR000141,VID000141,New Science Discovery Explained,CH006,JP,C08,2026-06-05,2026-03-12,21,438784,9676,2797,10
TR000142,VID000142,Funny Moments You Can't Miss,CH012,AU,C01,2026-06-05,2026-02-08,22,1722276,27822,4279,6
TR000143,VID000143,Amazing Street Food Tour,CH011,JP,C02,2026-06-05,2026-05-24,23,400767,30136,5070,12
TR000144,VID000144,2026 Global Music Festival Highlights,CH010,US,C10,2026-06-05,2026-04-02,24,4403714,229682,63413,3
TR000145,VID000145,New Science Discovery Explained,CH005,JP,C02,2026-06-05,2026-05-10,25,1008944,91572,9434,2
TR000146,VID000146,2026 Global Music Festival Highlights,CH007,GB,C09,2026-06-05,2026-05-12,26,390579,44278,4344,10
TR000147,VID000147,K-Pop New Release Performance,CH004,US,C03,2026-06-05,2026-05-16,27,587456,61020,8430,2
TR000148,VID000148,2026 Global Music Festival Highlights,CH009,US,C06,2026-06-05,2026-03-31,28,334162,8752,531,1
TR000149,VID000149,AI Technology Explained,CH009,GB,C06,2026-06-05,2026-04-23,29,172010,3951,279,12
TR000150,VID000150,AI Technology Explained,CH003,GB,C04,2026-06-05,2026-02-23,30,4425579,340655,25376,11
TR000151,VID000151,Championship Final Highlights,CH011,KR,C02,2026-06-06,2026-04-06,1,859182,59916,1509,3
TR000152,VID000152,New Science Discovery Explained,CH008,US,C05,2026-06-06,2026-05-16,2,1214862,115045,13362,8
TR000153,VID000153,Behind the Scenes: Movie Production,CH009,US,C06,2026-06-06,2026-03-09,3,1714865,35013,17515,7
TR000154,VID000154,Amazing Street Food Tour,CH001,US,C07,2026-06-06,2026-05-11,4,1237548,92363,17046,7
TR000155,VID000155,Top 10 Gaming Moments,CH009,TW,C06,2026-06-06,2026-04-19,5,363668,35825,4110,7
TR000156,VID000156,Championship Final Highlights,CH003,GB,C04,2026-06-06,2026-04-08,6,168753,17218,174,3
TR000157,VID000157,Best Travel Destinations 2026,CH012,US,C01,2026-06-06,2026-02-28,7,479096,29372,3049,8
TR000158,VID000158,Behind the Scenes: Movie Production,CH001,TW,C07,2026-06-06,2026-03-12,8,1218725,59070,11669,12
TR000159,VID000159,Best Travel Destinations 2026,CH002,JP,C01,2026-06-06,2026-02-27,9,480356,54569,5803,14
TR000160,VID000160,AI Technology Explained,CH004,JP,C03,2026-06-06,2026-04-05,10,1283986,31197,1341,9
TR000161,VID000161,2026 Global Music Festival Highlights,CH008,CA,C05,2026-06-06,2026-02-15,11,197593,9942,1595,14
TR000162,VID000162,Top 10 Gaming Moments,CH001,US,C07,2026-06-06,2026-04-22,12,361930,18905,1688,2
TR000163,VID000163,Behind the Scenes: Movie Production,CH005,KR,C02,2026-06-06,2026-04-19,13,63979,5525,234,5
TR000164,VID000164,Championship Final Highlights,CH005,JP,C02,2026-06-06,2026-03-28,14,132270,15627,1761,11
TR000165,VID000165,Behind the Scenes: Movie Production,CH002,TW,C01,2026-06-06,2026-03-27,15,522537,41182,4145,11
TR000166,VID000166,Championship Final Highlights,CH002,TW,C01,2026-06-06,2026-03-08,16,723930,13651,10410,6
TR000167,VID000167,Championship Final Highlights,CH005,KR,C02,2026-06-06,2026-04-13,17,304553,28815,3225,3
TR000168,VID000168,Funny Moments You Can't Miss,CH003,GB,C04,2026-06-06,2026-05-24,18,136821,5267,1133,4
TR000169,VID000169,Funny Moments You Can't Miss,CH005,TW,C02,2026-06-06,2026-05-26,19,307879,8805,4121,2
TR000170,VID000170,K-Pop New Release Performance,CH012,TW,C01,2026-06-06,2026-05-28,20,793175,39302,11110,11
TR000171,VID000171,AI Technology Explained,CH002,JP,C01,2026-06-06,2026-04-29,21,1070997,71828,1794,13
TR000172,VID000172,Breaking News: Global Update,CH012,US,C01,2026-06-06,2026-03-21,22,170982,17846,1313,10
TR000173,VID000173,Championship Final Highlights,CH003,GB,C04,2026-06-06,2026-04-27,23,85871,9210,1035,12
TR000174,VID000174,Funny Moments You Can't Miss,CH001,US,C07,2026-06-06,2026-04-08,24,702603,22372,3754,5
TR000175,VID000175,Funny Moments You Can't Miss,CH010,US,C10,2026-06-06,2026-04-04,25,174858,18809,2524,3
TR000176,VID000176,Best Travel Destinations 2026,CH007,AU,C09,2026-06-06,2026-05-27,26,801603,81037,3058,2
TR000177,VID000177,K-Pop New Release Performance,CH004,TW,C03,2026-06-06,2026-03-20,27,196658,6937,338,1
TR000178,VID000178,Championship Final Highlights,CH009,GB,C06,2026-06-06,2026-02-22,28,1047862,44302,10157,13
TR000179,VID000179,AI Technology Explained,CH003,GB,C04,2026-06-06,2026-03-15,29,567720,65920,3098,14
TR000180,VID000180,The Ultimate Tech Review 2026,CH005,KR,C02,2026-06-06,2026-05-15,30,2142434,242971,22440,4
TR000181,VID000181,K-Pop New Release Performance,CH011,KR,C02,2026-06-07,2026-05-26,1,505331,25932,4802,2
TR000182,VID000182,K-Pop New Release Performance,CH002,KR,C01,2026-06-07,2026-04-04,2,219669,18888,1530,3
TR000183,VID000183,Behind the Scenes: Movie Production,CH004,JP,C03,2026-06-07,2026-03-23,3,388077,37213,4039,2
TR000184,VID000184,Best Travel Destinations 2026,CH002,TW,C01,2026-06-07,2026-06-03,4,57800,3453,407,7
TR000185,VID000185,AI Technology Explained,CH011,JP,C02,2026-06-07,2026-04-21,5,1358447,59353,19408,8
TR000186,VID000186,Top 10 Gaming Moments,CH012,US,C01,2026-06-07,2026-05-17,6,1640552,181281,21215,6
TR000187,VID000187,Breaking News: Global Update,CH003,US,C04,2026-06-07,2026-03-30,7,422698,46023,1620,1
TR000188,VID000188,AI Technology Explained,CH009,US,C06,2026-06-07,2026-05-23,8,564298,36403,4727,14
TR000189,VID000189,Breaking News: Global Update,CH009,GB,C06,2026-06-07,2026-03-06,9,897811,93105,10356,13
TR000190,VID000190,Funny Moments You Can't Miss,CH012,US,C01,2026-06-07,2026-05-14,10,911220,101773,8603,14
TR000191,VID000191,New Science Discovery Explained,CH007,US,C09,2026-06-07,2026-02-19,11,637625,24664,1805,6
TR000192,VID000192,2026 Global Music Festival Highlights,CH005,KR,C02,2026-06-07,2026-06-05,12,91151,9000,455,8
TR000193,VID000193,Funny Moments You Can't Miss,CH005,TW,C02,2026-06-07,2026-03-05,13,281445,21953,1330,1
TR000194,VID000194,Championship Final Highlights,CH012,TW,C01,2026-06-07,2026-04-27,14,39187,750,292,9
TR000195,VID000195,Behind the Scenes: Movie Production,CH001,TW,C07,2026-06-07,2026-04-22,15,440822,35224,4710,8
TR000196,VID000196,2026 Global Music Festival Highlights,CH002,TW,C01,2026-06-07,2026-06-05,16,138917,9876,1847,13
TR000197,VID000197,AI Technology Explained,CH004,TW,C03,2026-06-07,2026-05-16,17,832439,84285,913,1
TR000198,VID000198,New Science Discovery Explained,CH008,US,C05,2026-06-07,2026-04-07,18,166247,14825,159,9
TR000199,VID000199,Top 10 Gaming Moments,CH007,GB,C09,2026-06-07,2026-05-06,19,641753,73462,6139,14
TR000200,VID000200,New Science Discovery Explained,CH011,US,C02,2026-06-07,2026-05-31,20,372528,31436,3173,10
TR000201,VID000201,Funny Moments You Can't Miss,CH006,JP,C08,2026-06-07,2026-06-04,21,2387239,184519,23703,13
TR000202,VID000202,Championship Final Highlights,CH003,GB,C04,2026-06-07,2026-05-19,22,279205,32797,1503,13
TR000203,VID000203,Breaking News: Global Update,CH007,US,C09,2026-06-07,2026-04-13,23,733799,49013,1234,3
TR000204,VID000204,Amazing Street Food Tour,CH006,TW,C08,2026-06-07,2026-03-20,24,60029,2524,432,10
TR000205,VID000205,2026 Global Music Festival Highlights,CH008,CA,C05,2026-06-07,2026-05-01,25,129862,15415,140,3
TR000206,VID000206,The Ultimate Tech Review 2026,CH009,US,C06,2026-06-07,2026-02-10,26,102295,5782,950,4
TR000207,VID000207,2026 Global Music Festival Highlights,CH006,TW,C08,2026-06-07,2026-04-26,27,123349,7883,1556,3
TR000208,VID000208,AI Technology Explained,CH010,US,C10,2026-06-07,2026-02-27,28,94015,10383,291,14
TR000209,VID000209,Championship Final Highlights,CH002,JP,C01,2026-06-07,2026-05-01,29,431251,17663,5660,7
TR000210,VID000210,Funny Moments You Can't Miss,CH009,US,C06,2026-06-07,2026-02-24,30,1429348,45982,8820,12
TR000211,VID000211,Best Travel Destinations 2026,CH002,JP,C01,2026-06-08,2026-02-27,1,449946,35035,2812,11
TR000212,VID000212,Behind the Scenes: Movie Production,CH010,JP,C10,2026-06-08,2026-02-10,2,402815,13222,3237,12
TR000213,VID000213,Top 10 Gaming Moments,CH009,GB,C06,2026-06-08,2026-06-03,3,846549,75521,2473,12
TR000214,VID000214,2026 Global Music Festival Highlights,CH009,TW,C06,2026-06-08,2026-05-02,4,109974,5768,905,1
TR000215,VID000215,The Ultimate Tech Review 2026,CH008,CA,C05,2026-06-08,2026-04-13,5,1239580,45385,2631,14
TR000216,VID000216,Best Travel Destinations 2026,CH002,TW,C01,2026-06-08,2026-05-02,6,561737,63669,601,3
TR000217,VID000217,K-Pop New Release Performance,CH006,TW,C08,2026-06-08,2026-02-11,7,2460206,139554,18349,11
TR000218,VID000218,Championship Final Highlights,CH002,TW,C01,2026-06-08,2026-04-19,8,957309,112172,8531,11
TR000219,VID000219,The Ultimate Tech Review 2026,CH002,JP,C01,2026-06-08,2026-04-25,9,152426,4410,393,10
TR000220,VID000220,Championship Final Highlights,CH012,AU,C01,2026-06-08,2026-05-31,10,484952,56662,902,13
TR000221,VID000221,Behind the Scenes: Movie Production,CH006,TW,C08,2026-06-08,2026-02-17,11,764682,78763,10856,14
TR000222,VID000222,2026 Global Music Festival Highlights,CH002,KR,C01,2026-06-08,2026-05-22,12,176811,18077,2305,12
TR000223,VID000223,Amazing Street Food Tour,CH011,KR,C02,2026-06-08,2026-04-23,13,530006,60310,6619,9
TR000224,VID000224,Funny Moments You Can't Miss,CH010,US,C10,2026-06-08,2026-03-08,14,938220,29765,8699,1
TR000225,VID000225,The Ultimate Tech Review 2026,CH009,GB,C06,2026-06-08,2026-04-21,15,316631,14347,659,13
TR000226,VID000226,The Ultimate Tech Review 2026,CH006,JP,C08,2026-06-08,2026-06-04,16,543720,46269,6640,13
TR000227,VID000227,Amazing Street Food Tour,CH009,TW,C06,2026-06-08,2026-03-17,17,321400,14839,3185,1
TR000228,VID000228,Funny Moments You Can't Miss,CH012,TW,C01,2026-06-08,2026-03-29,18,1141868,84682,6869,1
TR000229,VID000229,Breaking News: Global Update,CH001,TW,C07,2026-06-08,2026-05-04,19,2285316,182931,16501,5
TR000230,VID000230,Behind the Scenes: Movie Production,CH010,US,C10,2026-06-08,2026-04-21,20,1214468,126247,16706,9
TR000231,VID000231,Best Travel Destinations 2026,CH012,US,C01,2026-06-08,2026-03-02,21,86623,5635,538,6
TR000232,VID000232,Best Travel Destinations 2026,CH002,JP,C01,2026-06-08,2026-04-26,22,524904,8878,1752,5
TR000233,VID000233,Breaking News: Global Update,CH012,AU,C01,2026-06-08,2026-05-14,23,135036,4820,1005,2
TR000234,VID000234,AI Technology Explained,CH004,JP,C03,2026-06-08,2026-04-17,24,2044640,174530,28582,3
TR000235,VID000235,Funny Moments You Can't Miss,CH008,CA,C05,2026-06-08,2026-02-22,25,2011754,87763,13069,14
TR000236,VID000236,Best Travel Destinations 2026,CH011,US,C02,2026-06-08,2026-03-05,26,958460,100867,11594,8
TR000237,VID000237,Behind the Scenes: Movie Production,CH001,JP,C07,2026-06-08,2026-04-08,27,1789442,130224,2021,11
TR000238,VID000238,Behind the Scenes: Movie Production,CH007,AU,C09,2026-06-08,2026-02-10,28,410386,28354,3737,9
TR000239,VID000239,The Ultimate Tech Review 2026,CH010,US,C10,2026-06-08,2026-04-27,29,335936,13394,3969,8
TR000240,VID000240,Behind the Scenes: Movie Production,CH003,CA,C04,2026-06-08,2026-03-26,30,937878,93788,10894,1
TR000241,VID000241,2026 Global Music Festival Highlights,CH007,AU,C09,2026-06-09,2026-04-01,1,747405,78921,2722,6
TR000242,VID000242,Behind the Scenes: Movie Production,CH005,JP,C02,2026-06-09,2026-05-05,2,212158,16706,1787,9
TR000243,VID000243,2026 Global Music Festival Highlights,CH009,US,C06,2026-06-09,2026-05-15,3,198060,11875,2159,11
TR000244,VID000244,Best Travel Destinations 2026,CH007,AU,C09,2026-06-09,2026-05-21,4,2278702,178509,12281,13
TR000245,VID000245,Best Travel Destinations 2026,CH004,JP,C03,2026-06-09,2026-03-04,5,86551,4633,474,4
TR000246,VID000246,Amazing Street Food Tour,CH001,JP,C07,2026-06-09,2026-04-10,6,2149948,212925,8360,8
TR000247,VID000247,The Ultimate Tech Review 2026,CH006,JP,C08,2026-06-09,2026-04-20,7,147962,9317,482,7
TR000248,VID000248,Top 10 Gaming Moments,CH012,TW,C01,2026-06-09,2026-02-27,8,920778,67739,10215,8
TR000249,VID000249,Funny Moments You Can't Miss,CH006,JP,C08,2026-06-09,2026-04-12,9,164276,11706,312,7
TR000250,VID000250,Best Travel Destinations 2026,CH012,US,C01,2026-06-09,2026-05-24,10,830193,70413,9990,12
TR000251,VID000251,Top 10 Gaming Moments,CH003,GB,C04,2026-06-09,2026-06-04,11,1051067,42656,10760,6
TR000252,VID000252,AI Technology Explained,CH006,JP,C08,2026-06-09,2026-03-29,12,949884,89577,2233,6
TR000253,VID000253,The Ultimate Tech Review 2026,CH004,TW,C03,2026-06-09,2026-05-26,13,330775,16828,1992,11
TR000254,VID000254,Best Travel Destinations 2026,CH009,GB,C06,2026-06-09,2026-04-05,14,294247,13853,1840,10
TR000255,VID000255,Top 10 Gaming Moments,CH004,TW,C03,2026-06-09,2026-04-15,15,693156,52216,6041,10
TR000256,VID000256,Breaking News: Global Update,CH012,AU,C01,2026-06-09,2026-04-21,16,260274,7084,3215,14
TR000257,VID000257,Amazing Street Food Tour,CH008,CA,C05,2026-06-09,2026-05-10,17,219024,8160,2709,3
TR000258,VID000258,The Ultimate Tech Review 2026,CH002,JP,C01,2026-06-09,2026-06-07,18,682806,26274,9819,10
TR000259,VID000259,New Science Discovery Explained,CH009,US,C06,2026-06-09,2026-05-15,19,61750,4857,155,14
TR000260,VID000260,Amazing Street Food Tour,CH004,US,C03,2026-06-09,2026-03-02,20,355666,20223,932,2
TR000261,VID000261,AI Technology Explained,CH008,US,C05,2026-06-09,2026-03-03,21,91011,2129,1070,13
TR000262,VID000262,K-Pop New Release Performance,CH004,TW,C03,2026-06-09,2026-03-08,22,458680,11969,4491,14
TR000263,VID000263,K-Pop New Release Performance,CH002,JP,C01,2026-06-09,2026-03-18,23,1388851,48800,4958,2
TR000264,VID000264,Amazing Street Food Tour,CH008,US,C05,2026-06-09,2026-03-28,24,58947,3547,175,9
TR000265,VID000265,Best Travel Destinations 2026,CH012,TW,C01,2026-06-09,2026-02-19,25,598660,12895,4721,8
TR000266,VID000266,Top 10 Gaming Moments,CH001,TW,C07,2026-06-09,2026-02-26,26,236114,9015,712,12
TR000267,VID000267,Best Travel Destinations 2026,CH006,TW,C08,2026-06-09,2026-04-20,27,112771,6046,733,5
TR000268,VID000268,New Science Discovery Explained,CH006,TW,C08,2026-06-09,2026-04-15,28,353357,20740,2642,6
TR000269,VID000269,The Ultimate Tech Review 2026,CH005,TW,C02,2026-06-09,2026-03-14,29,493286,18545,333,13
TR000270,VID000270,2026 Global Music Festival Highlights,CH005,KR,C02,2026-06-09,2026-03-19,30,144548,3148,161,3
TR000271,VID000271,The Ultimate Tech Review 2026,CH001,US,C07,2026-06-10,2026-04-08,1,77433,2374,181,4
TR000272,VID000272,New Science Discovery Explained,CH012,TW,C01,2026-06-10,2026-02-26,2,440223,44076,4139,10
TR000273,VID000273,2026 Global Music Festival Highlights,CH005,TW,C02,2026-06-10,2026-05-28,3,704360,70388,1132,10
TR000274,VID000274,Best Travel Destinations 2026,CH002,KR,C01,2026-06-10,2026-04-11,4,522642,50708,6514,2
TR000275,VID000275,Breaking News: Global Update,CH008,US,C05,2026-06-10,2026-03-16,5,1626175,35773,13036,5
TR000276,VID000276,Funny Moments You Can't Miss,CH012,US,C01,2026-06-10,2026-03-15,6,2108550,182229,2328,7
TR000277,VID000277,Championship Final Highlights,CH011,KR,C02,2026-06-10,2026-02-21,7,391204,7329,3080,10
TR000278,VID000278,AI Technology Explained,CH004,US,C03,2026-06-10,2026-04-19,8,486104,46830,4904,3
TR000279,VID000279,AI Technology Explained,CH011,JP,C02,2026-06-10,2026-06-05,9,1552222,34482,10325,1
TR000280,VID000280,The Ultimate Tech Review 2026,CH008,CA,C05,2026-06-10,2026-02-26,10,534141,43046,3225,3
TR000281,VID000281,The Ultimate Tech Review 2026,CH001,JP,C07,2026-06-10,2026-04-03,11,840445,59404,931,10
TR000282,VID000282,AI Technology Explained,CH005,JP,C02,2026-06-10,2026-02-26,12,1505487,40596,11362,2
TR000283,VID000283,AI Technology Explained,CH011,JP,C02,2026-06-10,2026-05-26,13,556796,13906,3313,10
TR000284,VID000284,AI Technology Explained,CH009,US,C06,2026-06-10,2026-05-19,14,178384,7803,2490,3
TR000285,VID000285,The Ultimate Tech Review 2026,CH001,TW,C07,2026-06-10,2026-03-03,15,131602,14123,558,5
TR000286,VID000286,Best Travel Destinations 2026,CH005,TW,C02,2026-06-10,2026-06-02,16,1377092,128840,11826,12
TR000287,VID000287,Breaking News: Global Update,CH011,JP,C02,2026-06-10,2026-05-19,17,659797,66552,2372,7
TR000288,VID000288,2026 Global Music Festival Highlights,CH008,CA,C05,2026-06-10,2026-03-25,18,230646,13471,2650,8
TR000289,VID000289,Amazing Street Food Tour,CH003,CA,C04,2026-06-10,2026-02-12,19,2707063,288840,26329,8
TR000290,VID000290,Breaking News: Global Update,CH010,US,C10,2026-06-10,2026-05-25,20,825338,82726,9289,1
TR000291,VID000291,Best Travel Destinations 2026,CH004,US,C03,2026-06-10,2026-03-06,21,620862,29582,6993,11
TR000292,VID000292,Top 10 Gaming Moments,CH011,JP,C02,2026-06-10,2026-04-30,22,1001362,54476,8322,6
TR000293,VID000293,Championship Final Highlights,CH010,US,C10,2026-06-10,2026-04-13,23,103791,3179,511,3
TR000294,VID000294,Behind the Scenes: Movie Production,CH005,TW,C02,2026-06-10,2026-06-06,24,146340,8116,1438,8
TR000295,VID000295,New Science Discovery Explained,CH006,TW,C08,2026-06-10,2026-05-15,25,107112,9430,58,14
TR000296,VID000296,Top 10 Gaming Moments,CH004,JP,C03,2026-06-10,2026-04-26,26,76053,1883,686,13
TR000297,VID000297,The Ultimate Tech Review 2026,CH003,US,C04,2026-06-10,2026-03-22,27,921963,18941,6966,3
TR000298,VID000298,Championship Final Highlights,CH012,AU,C01,2026-06-10,2026-04-22,28,163836,13406,435,13
TR000299,VID000299,Top 10 Gaming Moments,CH012,TW,C01,2026-06-10,2026-04-13,29,1141468,79118,7856,14
TR000300,VID000300,2026 Global Music Festival Highlights,CH007,US,C09,2026-06-10,2026-04-16,30,875048,34796,5150,11
TR000301,VID000301,K-Pop New Release Performance,CH012,AU,C01,2026-06-11,2026-04-25,1,158865,12994,1889,6
TR000302,VID000302,Funny Moments You Can't Miss,CH012,AU,C01,2026-06-11,2026-02-28,2,2825208,212022,25490,4
TR000303,VID000303,Amazing Street Food Tour,CH010,US,C10,2026-06-11,2026-06-08,3,260986,18111,1260,3
TR000304,VID000304,Amazing Street Food Tour,CH010,JP,C10,2026-06-11,2026-04-26,4,956885,37014,5708,4
TR000305,VID000305,Best Travel Destinations 2026,CH001,TW,C07,2026-06-11,2026-03-29,5,517299,42042,632,2
TR000306,VID000306,New Science Discovery Explained,CH003,US,C04,2026-06-11,2026-05-18,6,616597,56479,7152,14
TR000307,VID000307,Behind the Scenes: Movie Production,CH012,US,C01,2026-06-11,2026-05-11,7,419263,6878,1928,14
TR000308,VID000308,Championship Final Highlights,CH006,JP,C08,2026-06-11,2026-06-04,8,997449,40828,13605,10
TR000309,VID000309,K-Pop New Release Performance,CH006,TW,C08,2026-06-11,2026-02-25,9,273702,8599,3522,4
TR000310,VID000310,2026 Global Music Festival Highlights,CH002,KR,C01,2026-06-11,2026-02-24,10,903549,26763,7427,11
TR000311,VID000311,AI Technology Explained,CH007,AU,C09,2026-06-11,2026-05-27,11,473066,53629,594,8
TR000312,VID000312,Best Travel Destinations 2026,CH009,GB,C06,2026-06-11,2026-04-14,12,741135,87344,1928,10
TR000313,VID000313,2026 Global Music Festival Highlights,CH005,KR,C02,2026-06-11,2026-05-23,13,601429,70110,1896,2
TR000314,VID000314,2026 Global Music Festival Highlights,CH005,JP,C02,2026-06-11,2026-02-25,14,387936,9437,4040,1
TR000315,VID000315,2026 Global Music Festival Highlights,CH008,US,C05,2026-06-11,2026-04-11,15,679298,15016,7311,2
TR000316,VID000316,Amazing Street Food Tour,CH006,JP,C08,2026-06-11,2026-04-02,16,884789,91952,5941,2
TR000317,VID000317,New Science Discovery Explained,CH006,JP,C08,2026-06-11,2026-04-15,17,282552,16454,2808,12
TR000318,VID000318,Breaking News: Global Update,CH008,US,C05,2026-06-11,2026-05-02,18,3301902,88336,18694,3
TR000319,VID000319,Championship Final Highlights,CH001,US,C07,2026-06-11,2026-05-21,19,273008,25788,2192,8
TR000320,VID000320,Funny Moments You Can't Miss,CH005,JP,C02,2026-06-11,2026-03-17,20,170530,5451,717,8
TR000321,VID000321,AI Technology Explained,CH010,US,C10,2026-06-11,2026-05-16,21,2754078,68537,15100,1
TR000322,VID000322,Funny Moments You Can't Miss,CH010,US,C10,2026-06-11,2026-03-04,22,3331609,86870,33393,11
TR000323,VID000323,AI Technology Explained,CH002,JP,C01,2026-06-11,2026-05-23,23,113845,3939,212,12
TR000324,VID000324,Championship Final Highlights,CH009,GB,C06,2026-06-11,2026-03-18,24,340175,16259,3340,2
TR000325,VID000325,K-Pop New Release Performance,CH010,US,C10,2026-06-11,2026-03-19,25,129469,10281,746,2
TR000326,VID000326,Championship Final Highlights,CH011,JP,C02,2026-06-11,2026-05-09,26,547295,42580,538,5
TR000327,VID000327,AI Technology Explained,CH012,AU,C01,2026-06-11,2026-03-02,27,3479937,82696,46265,11
TR000328,VID000328,The Ultimate Tech Review 2026,CH007,US,C09,2026-06-11,2026-04-09,28,152126,10034,346,4
TR000329,VID000329,Top 10 Gaming Moments,CH012,TW,C01,2026-06-11,2026-03-08,29,186853,16278,345,9
TR000330,VID000330,AI Technology Explained,CH004,TW,C03,2026-06-11,2026-05-16,30,636376,14851,7068,13
TR000331,VID000331,AI Technology Explained,CH009,US,C06,2026-06-12,2026-04-23,1,588884,69928,7990,12
TR000332,VID000332,AI Technology Explained,CH009,GB,C06,2026-06-12,2026-03-16,2,288127,19273,3604,14
TR000333,VID000333,The Ultimate Tech Review 2026,CH010,US,C10,2026-06-12,2026-05-22,3,243198,26767,2729,10
TR000334,VID000334,Amazing Street Food Tour,CH011,KR,C02,2026-06-12,2026-05-20,4,2283104,183099,12806,12
TR000335,VID000335,Best Travel Destinations 2026,CH011,JP,C02,2026-06-12,2026-05-28,5,271279,13039,150,6
TR000336,VID000336,Breaking News: Global Update,CH009,GB,C06,2026-06-12,2026-04-01,6,595591,13478,963,4
TR000337,VID000337,Top 10 Gaming Moments,CH010,JP,C10,2026-06-12,2026-04-26,7,162700,3007,798,14
TR000338,VID000338,The Ultimate Tech Review 2026,CH004,JP,C03,2026-06-12,2026-05-04,8,224640,22413,304,3
TR000339,VID000339,Top 10 Gaming Moments,CH001,JP,C07,2026-06-12,2026-03-13,9,168331,10426,1207,5
TR000340,VID000340,K-Pop New Release Performance,CH008,CA,C05,2026-06-12,2026-05-08,10,514080,29991,6237,4
TR000341,VID000341,Breaking News: Global Update,CH001,TW,C07,2026-06-12,2026-05-03,11,616602,27379,7982,14
TR000342,VID000342,Best Travel Destinations 2026,CH003,CA,C04,2026-06-12,2026-05-01,12,535255,47331,6782,14
TR000343,VID000343,Amazing Street Food Tour,CH009,TW,C06,2026-06-12,2026-02-13,13,3990897,248367,14636,13
TR000344,VID000344,Top 10 Gaming Moments,CH004,JP,C03,2026-06-12,2026-05-13,14,753157,14944,6570,9
TR000345,VID000345,AI Technology Explained,CH011,KR,C02,2026-06-12,2026-03-05,15,932294,72602,1337,8
TR000346,VID000346,Best Travel Destinations 2026,CH002,TW,C01,2026-06-12,2026-02-22,16,182423,9256,2707,13
TR000347,VID000347,Breaking News: Global Update,CH001,JP,C07,2026-06-12,2026-05-31,17,474516,10288,5957,12
TR000348,VID000348,2026 Global Music Festival Highlights,CH001,TW,C07,2026-06-12,2026-03-31,18,1413922,156253,14426,2
TR000349,VID000349,New Science Discovery Explained,CH008,CA,C05,2026-06-12,2026-04-08,19,144289,7327,416,8
TR000350,VID000350,Top 10 Gaming Moments,CH005,JP,C02,2026-06-12,2026-05-05,20,396353,30569,4236,7
TR000351,VID000351,Best Travel Destinations 2026,CH007,AU,C09,2026-06-12,2026-03-28,21,3878436,445266,35718,9
TR000352,VID000352,2026 Global Music Festival Highlights,CH001,US,C07,2026-06-12,2026-05-05,22,371058,8329,1554,13
TR000353,VID000353,2026 Global Music Festival Highlights,CH012,TW,C01,2026-06-12,2026-03-14,23,363924,23404,2559,3
TR000354,VID000354,2026 Global Music Festival Highlights,CH008,CA,C05,2026-06-12,2026-05-08,24,599986,37189,4426,13
TR000355,VID000355,Behind the Scenes: Movie Production,CH006,TW,C08,2026-06-12,2026-04-27,25,272401,17324,1868,11
TR000356,VID000356,Funny Moments You Can't Miss,CH006,JP,C08,2026-06-12,2026-02-27,26,960726,54460,1693,1
TR000357,VID000357,Breaking News: Global Update,CH008,US,C05,2026-06-12,2026-04-22,27,537871,9743,5536,11
TR000358,VID000358,AI Technology Explained,CH001,US,C07,2026-06-12,2026-03-28,28,1193571,128472,12208,13
TR000359,VID000359,2026 Global Music Festival Highlights,CH001,TW,C07,2026-06-12,2026-03-14,29,511379,44536,1104,4
TR000360,VID000360,2026 Global Music Festival Highlights,CH002,TW,C01,2026-06-12,2026-05-24,30,239241,18568,2026,1
TR000361,VID000361,The Ultimate Tech Review 2026,CH012,TW,C01,2026-06-13,2026-02-18,1,738166,62891,7633,3
TR000362,VID000362,Funny Moments You Can't Miss,CH011,KR,C02,2026-06-13,2026-06-03,2,373880,25321,939,9
TR000363,VID000363,Championship Final Highlights,CH007,GB,C09,2026-06-13,2026-03-21,3,1675259,118355,20975,2
TR000364,VID000364,Behind the Scenes: Movie Production,CH001,TW,C07,2026-06-13,2026-06-01,4,947709,43574,7152,5
TR000365,VID000365,Amazing Street Food Tour,CH005,TW,C02,2026-06-13,2026-04-25,5,371521,37432,548,6
TR000366,VID000366,Amazing Street Food Tour,CH011,JP,C02,2026-06-13,2026-05-08,6,100205,8583,450,6
TR000367,VID000367,Funny Moments You Can't Miss,CH010,US,C10,2026-06-13,2026-04-14,7,252234,15704,2244,7
TR000368,VID000368,New Science Discovery Explained,CH008,US,C05,2026-06-13,2026-04-26,8,117171,1909,687,4
TR000369,VID000369,Championship Final Highlights,CH012,US,C01,2026-06-13,2026-05-20,9,148602,8946,381,1
TR000370,VID000370,The Ultimate Tech Review 2026,CH001,US,C07,2026-06-13,2026-05-24,10,293368,14866,2346,12
TR000371,VID000371,Amazing Street Food Tour,CH003,CA,C04,2026-06-13,2026-02-22,11,380558,18144,3926,8
TR000372,VID000372,The Ultimate Tech Review 2026,CH002,KR,C01,2026-06-13,2026-04-09,12,216695,5645,634,5
TR000373,VID000373,K-Pop New Release Performance,CH008,CA,C05,2026-06-13,2026-04-15,13,145110,3689,512,11
TR000374,VID000374,Amazing Street Food Tour,CH010,JP,C10,2026-06-13,2026-04-24,14,487807,23359,1284,14
TR000375,VID000375,AI Technology Explained,CH010,JP,C10,2026-06-13,2026-05-07,15,402949,43632,3724,9
TR000376,VID000376,2026 Global Music Festival Highlights,CH001,TW,C07,2026-06-13,2026-03-28,16,556255,43789,1500,13
TR000377,VID000377,K-Pop New Release Performance,CH006,JP,C08,2026-06-13,2026-04-05,17,531415,38197,6136,7
TR000378,VID000378,Behind the Scenes: Movie Production,CH003,CA,C04,2026-06-13,2026-05-02,18,135904,13837,1465,1
TR000379,VID000379,Championship Final Highlights,CH005,TW,C02,2026-06-13,2026-02-25,19,834766,60275,2417,13
TR000380,VID000380,2026 Global Music Festival Highlights,CH003,US,C04,2026-06-13,2026-02-22,20,266008,26802,932,3
TR000381,VID000381,Championship Final Highlights,CH012,TW,C01,2026-06-13,2026-03-01,21,1283816,81460,14246,12
TR000382,VID000382,K-Pop New Release Performance,CH005,KR,C02,2026-06-13,2026-03-04,22,234604,16895,892,5
TR000383,VID000383,AI Technology Explained,CH002,JP,C01,2026-06-13,2026-04-20,23,1310325,37630,15674,5
TR000384,VID000384,Breaking News: Global Update,CH001,TW,C07,2026-06-13,2026-04-28,24,487957,9084,7104,3
TR000385,VID000385,New Science Discovery Explained,CH010,US,C10,2026-06-13,2026-02-25,25,1364161,104790,8106,11
TR000386,VID000386,Funny Moments You Can't Miss,CH001,JP,C07,2026-06-13,2026-03-17,26,420250,25773,3901,3
TR000387,VID000387,Top 10 Gaming Moments,CH002,TW,C01,2026-06-13,2026-04-23,27,397680,24482,3670,7
TR000388,VID000388,2026 Global Music Festival Highlights,CH003,CA,C04,2026-06-13,2026-04-01,28,1149863,24428,627,1
TR000389,VID000389,Best Travel Destinations 2026,CH001,US,C07,2026-06-13,2026-04-11,29,386445,26508,3704,2
TR000390,VID000390,Behind the Scenes: Movie Production,CH006,TW,C08,2026-06-13,2026-03-19,30,1206901,109688,12722,14
TR000391,VID000391,Breaking News: Global Update,CH005,TW,C02,2026-06-14,2026-05-04,1,180891,20898,113,2
TR000392,VID000392,Breaking News: Global Update,CH008,CA,C05,2026-06-14,2026-02-21,2,223248,5454,119,1
TR000393,VID000393,Funny Moments You Can't Miss,CH004,JP,C03,2026-06-14,2026-05-08,3,232935,21921,2713,1
TR000394,VID000394,The Ultimate Tech Review 2026,CH004,US,C03,2026-06-14,2026-04-09,4,681412,17691,4284,14
TR000395,VID000395,The Ultimate Tech Review 2026,CH004,TW,C03,2026-06-14,2026-03-11,5,365474,9741,4465,13
TR000396,VID000396,Best Travel Destinations 2026,CH003,CA,C04,2026-06-14,2026-03-04,6,255648,11875,412,2
TR000397,VID000397,AI Technology Explained,CH010,US,C10,2026-06-14,2026-05-29,7,137859,12346,1401,2
TR000398,VID000398,Best Travel Destinations 2026,CH007,GB,C09,2026-06-14,2026-06-06,8,411907,18829,1115,11
TR000399,VID000399,Amazing Street Food Tour,CH006,TW,C08,2026-06-14,2026-03-03,9,94769,7794,1392,3
TR000400,VID000400,Best Travel Destinations 2026,CH005,JP,C02,2026-06-14,2026-04-18,10,387504,36719,1249,7
TR000401,VID000401,AI Technology Explained,CH010,US,C10,2026-06-14,2026-03-06,11,231211,20040,926,14
TR000402,VID000402,Top 10 Gaming Moments,CH004,JP,C03,2026-06-14,2026-05-21,12,534502,24291,4632,13
TR000403,VID000403,The Ultimate Tech Review 2026,CH011,US,C02,2026-06-14,2026-06-06,13,431242,19340,1052,11
TR000404,VID000404,Behind the Scenes: Movie Production,CH009,GB,C06,2026-06-14,2026-03-27,14,75427,1945,244,2
TR000405,VID000405,Breaking News: Global Update,CH006,JP,C08,2026-06-14,2026-03-25,15,187502,4818,1073,9
TR000406,VID000406,Breaking News: Global Update,CH011,JP,C02,2026-06-14,2026-05-01,16,1363530,102319,18618,13
TR000407,VID000407,Behind the Scenes: Movie Production,CH003,US,C04,2026-06-14,2026-04-05,17,653739,15935,6839,13
TR000408,VID000408,Best Travel Destinations 2026,CH001,US,C07,2026-06-14,2026-03-17,18,399024,35475,224,5
TR000409,VID000409,Funny Moments You Can't Miss,CH005,JP,C02,2026-06-14,2026-06-01,19,247722,7086,2552,14
TR000410,VID000410,Behind the Scenes: Movie Production,CH009,GB,C06,2026-06-14,2026-03-22,20,192864,18725,1897,1
TR000411,VID000411,Breaking News: Global Update,CH005,TW,C02,2026-06-14,2026-04-27,21,1182430,76830,2493,12
TR000412,VID000412,Top 10 Gaming Moments,CH009,TW,C06,2026-06-14,2026-03-01,22,324901,11219,2763,2
TR000413,VID000413,The Ultimate Tech Review 2026,CH009,GB,C06,2026-06-14,2026-05-07,23,1250572,47087,12916,9
TR000414,VID000414,New Science Discovery Explained,CH008,CA,C05,2026-06-14,2026-06-07,24,410132,11566,4588,12
TR000415,VID000415,Breaking News: Global Update,CH012,US,C01,2026-06-14,2026-05-17,25,179760,19499,839,13
TR000416,VID000416,Amazing Street Food Tour,CH009,GB,C06,2026-06-14,2026-02-16,26,837680,81348,7024,10
TR000417,VID000417,Breaking News: Global Update,CH005,TW,C02,2026-06-14,2026-05-21,27,731816,83887,699,6
TR000418,VID000418,Top 10 Gaming Moments,CH001,JP,C07,2026-06-14,2026-02-18,28,997566,16002,7211,10
TR000419,VID000419,AI Technology Explained,CH012,TW,C01,2026-06-14,2026-03-04,29,338069,14557,1246,10
TR000420,VID000420,Funny Moments You Can't Miss,CH012,AU,C01,2026-06-14,2026-02-16,30,2116283,35510,24691,2
TR000421,VID000421,K-Pop New Release Performance,CH005,TW,C02,2026-06-15,2026-06-08,1,489850,25251,2885,5
TR000422,VID000422,K-Pop New Release Performance,CH004,JP,C03,2026-06-15,2026-06-08,2,2082376,223484,21439,8
TR000423,VID000423,Funny Moments You Can't Miss,CH001,US,C07,2026-06-15,2026-03-18,3,173797,5386,2353,13
TR000424,VID000424,AI Technology Explained,CH002,KR,C01,2026-06-15,2026-05-18,4,227239,14703,310,10
TR000425,VID000425,Funny Moments You Can't Miss,CH004,TW,C03,2026-06-15,2026-03-03,5,451751,52444,721,1
TR000426,VID000426,Funny Moments You Can't Miss,CH011,JP,C02,2026-06-15,2026-02-27,6,557211,44617,7518,10
TR000427,VID000427,AI Technology Explained,CH011,KR,C02,2026-06-15,2026-03-24,7,612746,50107,3755,11
TR000428,VID000428,New Science Discovery Explained,CH011,KR,C02,2026-06-15,2026-04-27,8,305716,34997,1648,12
TR000429,VID000429,Top 10 Gaming Moments,CH009,TW,C06,2026-06-15,2026-05-15,9,321307,9789,197,9
TR000430,VID000430,Behind the Scenes: Movie Production,CH011,JP,C02,2026-06-15,2026-05-13,10,514915,59515,4212,5
TR000431,VID000431,New Science Discovery Explained,CH005,TW,C02,2026-06-15,2026-05-08,11,119661,7556,1032,13
TR000432,VID000432,K-Pop New Release Performance,CH008,CA,C05,2026-06-15,2026-02-26,12,535877,10850,6823,13
TR000433,VID000433,Breaking News: Global Update,CH002,JP,C01,2026-06-15,2026-03-12,13,464149,19611,3173,7
TR000434,VID000434,AI Technology Explained,CH007,AU,C09,2026-06-15,2026-02-17,14,616518,10091,435,3
TR000435,VID000435,Championship Final Highlights,CH011,KR,C02,2026-06-15,2026-03-09,15,191639,22048,2783,13
TR000436,VID000436,2026 Global Music Festival Highlights,CH010,US,C10,2026-06-15,2026-03-13,16,2154836,194850,8805,11
TR000437,VID000437,AI Technology Explained,CH007,US,C09,2026-06-15,2026-04-17,17,600798,61712,7133,12
TR000438,VID000438,Championship Final Highlights,CH010,JP,C10,2026-06-15,2026-05-03,18,1270176,25195,15517,2
TR000439,VID000439,Behind the Scenes: Movie Production,CH007,GB,C09,2026-06-15,2026-05-24,19,285866,18722,2888,4
TR000440,VID000440,Funny Moments You Can't Miss,CH009,US,C06,2026-06-15,2026-02-16,20,414101,46193,6171,13
TR000441,VID000441,K-Pop New Release Performance,CH007,US,C09,2026-06-15,2026-04-09,21,1829591,203880,26142,10
TR000442,VID000442,K-Pop New Release Performance,CH001,JP,C07,2026-06-15,2026-05-01,22,242698,10036,2106,2
TR000443,VID000443,New Science Discovery Explained,CH004,JP,C03,2026-06-15,2026-02-21,23,720113,28093,10345,2
TR000444,VID000444,K-Pop New Release Performance,CH008,US,C05,2026-06-15,2026-05-05,24,853861,98021,7627,8
TR000445,VID000445,Best Travel Destinations 2026,CH003,US,C04,2026-06-15,2026-03-08,25,1117097,33625,7525,7
TR000446,VID000446,Behind the Scenes: Movie Production,CH010,US,C10,2026-06-15,2026-06-10,26,275523,16267,3255,4
TR000447,VID000447,Funny Moments You Can't Miss,CH002,TW,C01,2026-06-15,2026-03-14,27,187210,14480,182,11
TR000448,VID000448,Championship Final Highlights,CH004,TW,C03,2026-06-15,2026-05-31,28,157942,16954,1132,11
TR000449,VID000449,The Ultimate Tech Review 2026,CH008,US,C05,2026-06-15,2026-04-15,29,1087546,56577,13550,9
TR000450,VID000450,Amazing Street Food Tour,CH001,US,C07,2026-06-15,2026-04-23,30,931530,41601,6209,14
TR000451,VID000451,New Science Discovery Explained,CH005,TW,C02,2026-06-16,2026-05-06,1,225098,26375,850,5
TR000452,VID000452,AI Technology Explained,CH004,US,C03,2026-06-16,2026-04-26,2,457783,9361,1497,6
TR000453,VID000453,Amazing Street Food Tour,CH003,CA,C04,2026-06-16,2026-05-11,3,861398,51146,4214,9
TR000454,VID000454,New Science Discovery Explained,CH011,US,C02,2026-06-16,2026-03-30,4,702633,19787,3784,4
TR000455,VID000455,Behind the Scenes: Movie Production,CH007,AU,C09,2026-06-16,2026-03-23,5,137081,7535,892,10
TR000456,VID000456,New Science Discovery Explained,CH011,JP,C02,2026-06-16,2026-06-07,6,509923,22043,4901,9
TR000457,VID000457,Breaking News: Global Update,CH001,US,C07,2026-06-16,2026-05-22,7,525452,50956,5660,4
TR000458,VID000458,Best Travel Destinations 2026,CH001,TW,C07,2026-06-16,2026-03-20,8,153382,4861,477,11
TR000459,VID000459,K-Pop New Release Performance,CH006,TW,C08,2026-06-16,2026-02-25,9,1312526,138442,5872,9
TR000460,VID000460,Breaking News: Global Update,CH009,GB,C06,2026-06-16,2026-04-07,10,1114773,56005,16374,1
TR000461,VID000461,Top 10 Gaming Moments,CH001,US,C07,2026-06-16,2026-02-27,11,439944,24176,1260,2
TR000462,VID000462,Behind the Scenes: Movie Production,CH001,US,C07,2026-06-16,2026-05-04,12,863493,89021,574,1
TR000463,VID000463,2026 Global Music Festival Highlights,CH002,TW,C01,2026-06-16,2026-02-17,13,959465,96712,8081,8
TR000464,VID000464,Championship Final Highlights,CH003,US,C04,2026-06-16,2026-04-12,14,162521,7707,1217,13
TR000465,VID000465,AI Technology Explained,CH003,CA,C04,2026-06-16,2026-04-01,15,673703,67318,6951,7
TR000466,VID000466,Championship Final Highlights,CH002,KR,C01,2026-06-16,2026-02-21,16,326780,22109,499,7
TR000467,VID000467,2026 Global Music Festival Highlights,CH003,GB,C04,2026-06-16,2026-05-31,17,454545,18631,1300,1
TR000468,VID000468,2026 Global Music Festival Highlights,CH012,TW,C01,2026-06-16,2026-04-24,18,489853,23126,2751,6
TR000469,VID000469,The Ultimate Tech Review 2026,CH001,TW,C07,2026-06-16,2026-04-20,19,576450,23604,3262,9
TR000470,VID000470,Best Travel Destinations 2026,CH003,GB,C04,2026-06-16,2026-04-08,20,1141805,25772,3971,4
TR000471,VID000471,New Science Discovery Explained,CH001,TW,C07,2026-06-16,2026-03-24,21,1352410,48543,8879,13
TR000472,VID000472,Funny Moments You Can't Miss,CH008,CA,C05,2026-06-16,2026-05-18,22,1883230,92563,26644,9
TR000473,VID000473,Funny Moments You Can't Miss,CH008,CA,C05,2026-06-16,2026-04-15,23,117205,13703,251,5
TR000474,VID000474,AI Technology Explained,CH002,KR,C01,2026-06-16,2026-03-24,24,478051,28389,2641,7
TR000475,VID000475,New Science Discovery Explained,CH011,US,C02,2026-06-16,2026-06-06,25,2435452,197816,20626,6
TR000476,VID000476,New Science Discovery Explained,CH010,JP,C10,2026-06-16,2026-04-22,26,498442,11505,795,4
TR000477,VID000477,Amazing Street Food Tour,CH011,KR,C02,2026-06-16,2026-04-23,27,296244,7308,2525,2
TR000478,VID000478,2026 Global Music Festival Highlights,CH006,TW,C08,2026-06-16,2026-06-10,28,2872414,118756,29592,6
TR000479,VID000479,Amazing Street Food Tour,CH009,TW,C06,2026-06-16,2026-03-08,29,3818364,142707,53901,11
TR000480,VID000480,AI Technology Explained,CH008,CA,C05,2026-06-16,2026-03-08,30,166447,14750,1724,1
TR000481,VID000481,Funny Moments You Can't Miss,CH001,TW,C07,2026-06-17,2026-04-10,1,474277,53907,1753,13
TR000482,VID000482,Behind the Scenes: Movie Production,CH010,US,C10,2026-06-17,2026-05-16,2,911264,34208,9242,2
TR000483,VID000483,Top 10 Gaming Moments,CH011,JP,C02,2026-06-17,2026-04-28,3,554214,61533,3764,13
TR000484,VID000484,2026 Global Music Festival Highlights,CH011,KR,C02,2026-06-17,2026-05-21,4,305734,4876,2766,11
TR000485,VID000485,Top 10 Gaming Moments,CH009,GB,C06,2026-06-17,2026-05-06,5,169785,14205,2099,1
TR000486,VID000486,K-Pop New Release Performance,CH009,US,C06,2026-06-17,2026-04-09,6,847428,19575,11619,13
TR000487,VID000487,Behind the Scenes: Movie Production,CH002,JP,C01,2026-06-17,2026-04-16,7,2224353,52318,31800,2
TR000488,VID000488,Championship Final Highlights,CH006,TW,C08,2026-06-17,2026-05-29,8,1199114,80121,5525,14
TR000489,VID000489,Behind the Scenes: Movie Production,CH003,GB,C04,2026-06-17,2026-03-07,9,1055110,73596,1574,1
TR000490,VID000490,AI Technology Explained,CH009,GB,C06,2026-06-17,2026-06-11,10,1074419,106335,5734,12
TR000491,VID000491,K-Pop New Release Performance,CH001,JP,C07,2026-06-17,2026-05-11,11,1338372,83924,12900,11
TR000492,VID000492,Amazing Street Food Tour,CH012,TW,C01,2026-06-17,2026-05-08,12,840024,51633,8328,12
TR000493,VID000493,Best Travel Destinations 2026,CH002,KR,C01,2026-06-17,2026-04-15,13,274017,4740,1333,13
TR000494,VID000494,Best Travel Destinations 2026,CH011,JP,C02,2026-06-17,2026-03-21,14,75093,8436,152,3
TR000495,VID000495,Breaking News: Global Update,CH006,JP,C08,2026-06-17,2026-06-16,15,1958573,223210,22187,13
TR000496,VID000496,AI Technology Explained,CH004,US,C03,2026-06-17,2026-05-13,16,481798,47993,296,12
TR000497,VID000497,Best Travel Destinations 2026,CH011,JP,C02,2026-06-17,2026-05-25,17,1042855,24034,13716,14
TR000498,VID000498,Behind the Scenes: Movie Production,CH007,US,C09,2026-06-17,2026-05-12,18,185977,15135,1100,7
TR000499,VID000499,Best Travel Destinations 2026,CH001,TW,C07,2026-06-17,2026-03-24,19,275213,19201,3308,1
TR000500,VID000500,New Science Discovery Explained,CH012,AU,C01,2026-06-17,2026-03-29,20,1243099,116325,8538,9
TR000501,VID000501,Best Travel Destinations 2026,CH005,JP,C02,2026-06-17,2026-06-04,21,205455,13639,1382,8
TR000502,VID000502,New Science Discovery Explained,CH005,TW,C02,2026-06-17,2026-03-08,22,1938997,178197,15447,6
TR000503,VID000503,AI Technology Explained,CH001,JP,C07,2026-06-17,2026-03-28,23,2131298,229273,4820,3
TR000504,VID000504,Best Travel Destinations 2026,CH004,TW,C03,2026-06-17,2026-04-05,24,247603,9222,1240,7
TR000505,VID000505,Funny Moments You Can't Miss,CH006,TW,C08,2026-06-17,2026-05-29,25,1467154,110111,21714,1
TR000506,VID000506,2026 Global Music Festival Highlights,CH001,US,C07,2026-06-17,2026-04-11,26,200801,17695,2144,13
TR000507,VID000507,2026 Global Music Festival Highlights,CH002,KR,C01,2026-06-17,2026-02-22,27,4140386,71731,58810,5
TR000508,VID000508,2026 Global Music Festival Highlights,CH007,AU,C09,2026-06-17,2026-05-31,28,1766432,64751,10920,3
TR000509,VID000509,Amazing Street Food Tour,CH007,AU,C09,2026-06-17,2026-04-29,29,1236375,105946,7934,11
TR000510,VID000510,Championship Final Highlights,CH010,US,C10,2026-06-17,2026-06-01,30,609398,9779,6697,8
TR000511,VID000511,Breaking News: Global Update,CH001,TW,C07,2026-06-18,2026-03-24,1,419525,20989,5024,3
TR000512,VID000512,Funny Moments You Can't Miss,CH002,TW,C01,2026-06-18,2026-05-04,2,1503894,99040,1043,8
TR000513,VID000513,Top 10 Gaming Moments,CH002,JP,C01,2026-06-18,2026-05-01,3,116057,10796,1484,9
TR000514,VID000514,Top 10 Gaming Moments,CH001,TW,C07,2026-06-18,2026-03-28,4,405469,22067,4928,13
TR000515,VID000515,Best Travel Destinations 2026,CH011,JP,C02,2026-06-18,2026-03-17,5,208813,19120,1946,14
TR000516,VID000516,K-Pop New Release Performance,CH004,US,C03,2026-06-18,2026-04-19,6,402877,36616,4037,11
TR000517,VID000517,Championship Final Highlights,CH011,JP,C02,2026-06-18,2026-04-17,7,299678,24381,564,9
TR000518,VID000518,Best Travel Destinations 2026,CH004,JP,C03,2026-06-18,2026-04-21,8,1266768,123010,14441,10
TR000519,VID000519,Funny Moments You Can't Miss,CH004,JP,C03,2026-06-18,2026-03-11,9,1295292,120380,3838,12
TR000520,VID000520,Breaking News: Global Update,CH006,TW,C08,2026-06-18,2026-04-21,10,2035366,224631,23409,5
TR000521,VID000521,K-Pop New Release Performance,CH010,US,C10,2026-06-18,2026-03-04,11,2855121,89736,21047,6
TR000522,VID000522,The Ultimate Tech Review 2026,CH008,CA,C05,2026-06-18,2026-04-20,12,1342346,46262,12345,14
TR000523,VID000523,Breaking News: Global Update,CH012,TW,C01,2026-06-18,2026-05-05,13,646469,49383,1576,10
TR000524,VID000524,New Science Discovery Explained,CH007,AU,C09,2026-06-18,2026-04-17,14,2211262,218042,9825,9
TR000525,VID000525,Behind the Scenes: Movie Production,CH003,GB,C04,2026-06-18,2026-04-12,15,106723,4620,348,14
TR000526,VID000526,Top 10 Gaming Moments,CH011,US,C02,2026-06-18,2026-05-27,16,1335826,28893,15713,7
TR000527,VID000527,2026 Global Music Festival Highlights,CH007,AU,C09,2026-06-18,2026-03-22,17,574033,30812,3885,5
TR000528,VID000528,AI Technology Explained,CH006,JP,C08,2026-06-18,2026-05-28,18,258114,27950,3214,8
TR000529,VID000529,The Ultimate Tech Review 2026,CH002,KR,C01,2026-06-18,2026-03-21,19,865221,103477,10788,8
TR000530,VID000530,K-Pop New Release Performance,CH011,KR,C02,2026-06-18,2026-04-25,20,330294,29468,4797,4
TR000531,VID000531,Breaking News: Global Update,CH012,AU,C01,2026-06-18,2026-04-18,21,942968,99098,14112,13
TR000532,VID000532,New Science Discovery Explained,CH001,US,C07,2026-06-18,2026-02-22,22,816244,88668,10458,11
TR000533,VID000533,K-Pop New Release Performance,CH012,US,C01,2026-06-18,2026-05-14,23,562186,26670,1362,10
TR000534,VID000534,Breaking News: Global Update,CH003,CA,C04,2026-06-18,2026-03-30,24,717952,42040,4547,9
TR000535,VID000535,Top 10 Gaming Moments,CH004,JP,C03,2026-06-18,2026-05-20,25,311322,27793,1912,3
TR000536,VID000536,K-Pop New Release Performance,CH007,GB,C09,2026-06-18,2026-02-28,26,2112564,114091,20003,5
TR000537,VID000537,K-Pop New Release Performance,CH003,US,C04,2026-06-18,2026-06-06,27,1384508,87808,19561,11
TR000538,VID000538,K-Pop New Release Performance,CH002,JP,C01,2026-06-18,2026-04-24,28,434307,45898,910,5
TR000539,VID000539,Breaking News: Global Update,CH012,US,C01,2026-06-18,2026-03-23,29,1346402,111895,6047,1
TR000540,VID000540,The Ultimate Tech Review 2026,CH007,US,C09,2026-06-18,2026-06-03,30,1299709,47358,1447,1
TR000541,VID000541,AI Technology Explained,CH002,KR,C01,2026-06-19,2026-02-27,1,60281,5244,825,8
TR000542,VID000542,New Science Discovery Explained,CH010,US,C10,2026-06-19,2026-06-06,2,56934,1772,501,2
TR000543,VID000543,Championship Final Highlights,CH004,TW,C03,2026-06-19,2026-05-24,3,290885,22508,3109,10
TR000544,VID000544,K-Pop New Release Performance,CH001,US,C07,2026-06-19,2026-06-03,4,567508,49669,5194,8
TR000545,VID000545,Behind the Scenes: Movie Production,CH011,KR,C02,2026-06-19,2026-03-24,5,1083119,129660,1013,1
TR000546,VID000546,Top 10 Gaming Moments,CH007,US,C09,2026-06-19,2026-06-11,6,235254,26767,2764,12
TR000547,VID000547,K-Pop New Release Performance,CH007,US,C09,2026-06-19,2026-02-20,7,2273487,247011,11225,2
TR000548,VID000548,The Ultimate Tech Review 2026,CH002,JP,C01,2026-06-19,2026-03-03,8,161811,5283,1195,6
TR000549,VID000549,Championship Final Highlights,CH008,CA,C05,2026-06-19,2026-05-18,9,342429,40123,3941,8
TR000550,VID000550,Championship Final Highlights,CH008,CA,C05,2026-06-19,2026-04-24,10,347493,10888,1218,13
TR000551,VID000551,Amazing Street Food Tour,CH008,CA,C05,2026-06-19,2026-06-09,11,204843,17569,288,10
TR000552,VID000552,Championship Final Highlights,CH006,JP,C08,2026-06-19,2026-03-16,12,121040,11688,194,8
TR000553,VID000553,New Science Discovery Explained,CH007,AU,C09,2026-06-19,2026-06-17,13,754058,60179,2082,10
TR000554,VID000554,AI Technology Explained,CH008,CA,C05,2026-06-19,2026-03-01,14,1034713,49384,564,14
TR000555,VID000555,Championship Final Highlights,CH007,US,C09,2026-06-19,2026-04-15,15,67119,6802,89,2
TR000556,VID000556,AI Technology Explained,CH009,US,C06,2026-06-19,2026-06-06,16,298402,15350,2517,8
TR000557,VID000557,Funny Moments You Can't Miss,CH001,US,C07,2026-06-19,2026-03-05,17,655922,67698,9738,8
TR000558,VID000558,Funny Moments You Can't Miss,CH004,TW,C03,2026-06-19,2026-03-20,18,64365,4498,471,12
TR000559,VID000559,Best Travel Destinations 2026,CH012,TW,C01,2026-06-19,2026-03-28,19,198499,19645,453,4
TR000560,VID000560,2026 Global Music Festival Highlights,CH011,KR,C02,2026-06-19,2026-03-15,20,615882,17386,2062,1
TR000561,VID000561,AI Technology Explained,CH005,TW,C02,2026-06-19,2026-03-28,21,486167,51683,3082,7
TR000562,VID000562,New Science Discovery Explained,CH008,US,C05,2026-06-19,2026-04-03,22,2489226,210277,6341,8
TR000563,VID000563,New Science Discovery Explained,CH012,US,C01,2026-06-19,2026-03-17,23,429089,24753,5834,8
TR000564,VID000564,Behind the Scenes: Movie Production,CH007,AU,C09,2026-06-19,2026-04-23,24,1429781,139392,5955,3
TR000565,VID000565,Funny Moments You Can't Miss,CH011,KR,C02,2026-06-19,2026-04-21,25,661034,22070,6778,14
TR000566,VID000566,Behind the Scenes: Movie Production,CH005,TW,C02,2026-06-19,2026-03-27,26,706667,29125,3050,2
TR000567,VID000567,Behind the Scenes: Movie Production,CH001,TW,C07,2026-06-19,2026-03-30,27,383923,19917,714,8
TR000568,VID000568,K-Pop New Release Performance,CH002,JP,C01,2026-06-19,2026-03-02,28,135417,15463,1265,10
TR000569,VID000569,Best Travel Destinations 2026,CH011,KR,C02,2026-06-19,2026-05-11,29,1050240,99609,8336,13
TR000570,VID000570,Amazing Street Food Tour,CH002,TW,C01,2026-06-19,2026-03-01,30,2020562,205881,6011,14
TR000571,VID000571,Amazing Street Food Tour,CH005,JP,C02,2026-06-20,2026-03-31,1,4926053,544888,38880,7
TR000572,VID000572,2026 Global Music Festival Highlights,CH004,TW,C03,2026-06-20,2026-05-18,2,552103,57729,7708,12
TR000573,VID000573,Funny Moments You Can't Miss,CH003,CA,C04,2026-06-20,2026-03-14,3,231507,14792,2711,9
TR000574,VID000574,Championship Final Highlights,CH008,CA,C05,2026-06-20,2026-05-24,4,143842,4778,863,10
TR000575,VID000575,Amazing Street Food Tour,CH003,CA,C04,2026-06-20,2026-03-09,5,612322,24418,6320,8
TR000576,VID000576,Breaking News: Global Update,CH007,AU,C09,2026-06-20,2026-03-26,6,283157,6214,220,6
TR000577,VID000577,Championship Final Highlights,CH008,US,C05,2026-06-20,2026-05-02,7,219097,3979,3164,3
TR000578,VID000578,AI Technology Explained,CH007,GB,C09,2026-06-20,2026-06-03,8,132628,11088,436,2
TR000579,VID000579,Behind the Scenes: Movie Production,CH006,TW,C08,2026-06-20,2026-05-14,9,616209,27195,2824,13
TR000580,VID000580,AI Technology Explained,CH004,TW,C03,2026-06-20,2026-05-19,10,754190,54314,4170,14
TR000581,VID000581,Championship Final Highlights,CH003,GB,C04,2026-06-20,2026-03-13,11,288225,30033,516,1
TR000582,VID000582,Championship Final Highlights,CH012,TW,C01,2026-06-20,2026-06-16,12,194761,6980,563,12
TR000583,VID000583,New Science Discovery Explained,CH008,US,C05,2026-06-20,2026-06-06,13,1034067,36074,592,10
TR000584,VID000584,Breaking News: Global Update,CH009,US,C06,2026-06-20,2026-05-31,14,398221,37494,3535,8
TR000585,VID000585,Best Travel Destinations 2026,CH005,JP,C02,2026-06-20,2026-04-23,15,1338218,55125,14584,2
TR000586,VID000586,2026 Global Music Festival Highlights,CH004,US,C03,2026-06-20,2026-06-16,16,394723,18929,4152,6
TR000587,VID000587,Amazing Street Food Tour,CH009,US,C06,2026-06-20,2026-05-21,17,511624,54042,6357,14
TR000588,VID000588,Funny Moments You Can't Miss,CH001,JP,C07,2026-06-20,2026-06-05,18,819489,94027,2038,5
TR000589,VID000589,K-Pop New Release Performance,CH008,US,C05,2026-06-20,2026-06-15,19,293297,11110,211,2
TR000590,VID000590,Championship Final Highlights,CH005,JP,C02,2026-06-20,2026-03-26,20,388112,27140,4131,2
TR000591,VID000591,Championship Final Highlights,CH010,JP,C10,2026-06-20,2026-04-29,21,391323,29572,2828,11
TR000592,VID000592,2026 Global Music Festival Highlights,CH006,TW,C08,2026-06-20,2026-04-12,22,485712,10714,4432,8
TR000593,VID000593,Championship Final Highlights,CH012,AU,C01,2026-06-20,2026-05-21,23,307518,32804,3674,13
TR000594,VID000594,Amazing Street Food Tour,CH006,JP,C08,2026-06-20,2026-03-18,24,713081,30138,10383,8
TR000595,VID000595,2026 Global Music Festival Highlights,CH002,JP,C01,2026-06-20,2026-05-20,25,503581,31767,1905,1
TR000596,VID000596,2026 Global Music Festival Highlights,CH009,TW,C06,2026-06-20,2026-03-06,26,327212,17249,4071,6
TR000597,VID000597,2026 Global Music Festival Highlights,CH006,TW,C08,2026-06-20,2026-03-03,27,271470,5548,2329,6
TR000598,VID000598,Championship Final Highlights,CH001,JP,C07,2026-06-20,2026-05-06,28,673415,69560,2496,13
TR000599,VID000599,Amazing Street Food Tour,CH006,TW,C08,2026-06-20,2026-05-24,29,216530,7891,160,6
TR000600,VID000600,Amazing Street Food Tour,CH010,JP,C10,2026-06-20,2026-05-28,30,1084874,76825,1056,10
TR000601,VID000601,Best Travel Destinations 2026,CH004,TW,C03,2026-06-21,2026-04-12,1,1450935,72360,20251,12
TR000602,VID000602,Breaking News: Global Update,CH007,GB,C09,2026-06-21,2026-06-02,2,2054539,197698,2339,1
TR000603,VID000603,2026 Global Music Festival Highlights,CH003,CA,C04,2026-06-21,2026-06-01,3,49746,5100,612,7
TR000604,VID000604,New Science Discovery Explained,CH011,JP,C02,2026-06-21,2026-04-17,4,1388641,85584,15796,10
TR000605,VID000605,Top 10 Gaming Moments,CH005,JP,C02,2026-06-21,2026-03-02,5,705167,12736,9629,13
TR000606,VID000606,New Science Discovery Explained,CH010,US,C10,2026-06-21,2026-03-17,6,76531,8214,656,8
TR000607,VID000607,AI Technology Explained,CH008,US,C05,2026-06-21,2026-05-09,7,184069,18928,226,3
TR000608,VID000608,New Science Discovery Explained,CH007,AU,C09,2026-06-21,2026-04-25,8,145105,6529,264,2
TR000609,VID000609,Amazing Street Food Tour,CH002,TW,C01,2026-06-21,2026-02-24,9,2249864,228517,5902,14
TR000610,VID000610,New Science Discovery Explained,CH006,JP,C08,2026-06-21,2026-03-03,10,267635,7038,3114,10
TR000611,VID000611,Championship Final Highlights,CH002,JP,C01,2026-06-21,2026-05-12,11,79065,8670,286,11
TR000612,VID000612,Top 10 Gaming Moments,CH003,GB,C04,2026-06-21,2026-06-10,12,635596,57107,6738,1
TR000613,VID000613,New Science Discovery Explained,CH009,TW,C06,2026-06-21,2026-06-16,13,580034,35533,1403,7
TR000614,VID000614,Best Travel Destinations 2026,CH011,KR,C02,2026-06-21,2026-03-07,14,598342,10594,5535,14
TR000615,VID000615,Amazing Street Food Tour,CH001,JP,C07,2026-06-21,2026-02-28,15,168808,3696,2255,4
TR000616,VID000616,Funny Moments You Can't Miss,CH007,AU,C09,2026-06-21,2026-05-27,16,237060,7544,706,10
TR000617,VID000617,Top 10 Gaming Moments,CH010,JP,C10,2026-06-21,2026-03-03,17,190904,3196,1927,2
TR000618,VID000618,Best Travel Destinations 2026,CH010,JP,C10,2026-06-21,2026-04-07,18,353364,6180,4454,7
TR000619,VID000619,New Science Discovery Explained,CH001,JP,C07,2026-06-21,2026-04-18,19,377654,39685,4192,9
TR000620,VID000620,AI Technology Explained,CH012,AU,C01,2026-06-21,2026-05-05,20,431135,17688,4577,13
TR000621,VID000621,Best Travel Destinations 2026,CH004,US,C03,2026-06-21,2026-02-23,21,78133,6992,346,7
TR000622,VID000622,2026 Global Music Festival Highlights,CH008,CA,C05,2026-06-21,2026-06-09,22,622160,36148,1784,8
TR000623,VID000623,Behind the Scenes: Movie Production,CH004,JP,C03,2026-06-21,2026-06-13,23,60751,6465,103,7
TR000624,VID000624,Top 10 Gaming Moments,CH004,JP,C03,2026-06-21,2026-05-15,24,240380,21968,1808,3
TR000625,VID000625,Top 10 Gaming Moments,CH010,JP,C10,2026-06-21,2026-04-18,25,749781,54343,8353,2
TR000626,VID000626,Breaking News: Global Update,CH006,JP,C08,2026-06-21,2026-06-05,26,340623,11235,4256,7
TR000627,VID000627,Top 10 Gaming Moments,CH002,TW,C01,2026-06-21,2026-05-09,27,118523,12805,1598,9
TR000628,VID000628,Funny Moments You Can't Miss,CH007,GB,C09,2026-06-21,2026-06-02,28,961286,79835,12678,4
TR000629,VID000629,Top 10 Gaming Moments,CH009,US,C06,2026-06-21,2026-03-31,29,503104,35816,849,13
TR000630,VID000630,Best Travel Destinations 2026,CH012,TW,C01,2026-06-21,2026-04-05,30,304436,36295,841,4
TR000631,VID000631,Amazing Street Food Tour,CH003,GB,C04,2026-06-22,2026-03-20,1,1530154,104423,14918,2
TR000632,VID000632,Best Travel Destinations 2026,CH011,JP,C02,2026-06-22,2026-06-20,2,219093,17521,2223,5
TR000633,VID000633,2026 Global Music Festival Highlights,CH011,KR,C02,2026-06-22,2026-06-11,3,1923356,32122,23785,1
TR000634,VID000634,The Ultimate Tech Review 2026,CH011,KR,C02,2026-06-22,2026-05-06,4,594471,22045,6894,10
TR000635,VID000635,Breaking News: Global Update,CH008,CA,C05,2026-06-22,2026-03-06,5,385365,9554,5578,12
TR000636,VID000636,The Ultimate Tech Review 2026,CH003,GB,C04,2026-06-22,2026-05-26,6,332488,25733,3074,12
TR000637,VID000637,Championship Final Highlights,CH006,JP,C08,2026-06-22,2026-03-30,7,1107889,42940,11676,1
TR000638,VID000638,New Science Discovery Explained,CH008,US,C05,2026-06-22,2026-02-24,8,205692,7809,281,9
TR000639,VID000639,Behind the Scenes: Movie Production,CH004,TW,C03,2026-06-22,2026-03-07,9,638687,37167,1489,9
TR000640,VID000640,The Ultimate Tech Review 2026,CH010,US,C10,2026-06-22,2026-03-16,10,128721,13311,965,1
TR000641,VID000641,Amazing Street Food Tour,CH003,GB,C04,2026-06-22,2026-05-26,11,1421023,80682,17317,12
TR000642,VID000642,Amazing Street Food Tour,CH004,JP,C03,2026-06-22,2026-03-11,12,736405,49728,1109,2
TR000643,VID000643,Top 10 Gaming Moments,CH008,CA,C05,2026-06-22,2026-05-19,13,372204,11182,4043,6
TR000644,VID000644,The Ultimate Tech Review 2026,CH004,JP,C03,2026-06-22,2026-03-18,14,957346,82348,9913,6
TR000645,VID000645,Breaking News: Global Update,CH003,CA,C04,2026-06-22,2026-03-18,15,349878,39203,1827,14
TR000646,VID000646,Best Travel Destinations 2026,CH007,GB,C09,2026-06-22,2026-04-05,16,510827,46751,2651,14
TR000647,VID000647,Best Travel Destinations 2026,CH007,AU,C09,2026-06-22,2026-05-21,17,407015,19706,5481,8
TR000648,VID000648,Breaking News: Global Update,CH011,JP,C02,2026-06-22,2026-04-04,18,18254,1981,12,1
TR000649,VID000649,Breaking News: Global Update,CH012,AU,C01,2026-06-22,2026-03-04,19,453548,47337,6524,5
TR000650,VID000650,The Ultimate Tech Review 2026,CH009,GB,C06,2026-06-22,2026-04-13,20,327598,32853,1988,13
TR000651,VID000651,Best Travel Destinations 2026,CH005,JP,C02,2026-06-22,2026-03-25,21,285969,8433,479,6
TR000652,VID000652,Top 10 Gaming Moments,CH008,US,C05,2026-06-22,2026-05-24,22,39820,963,57,14
TR000653,VID000653,Championship Final Highlights,CH003,US,C04,2026-06-22,2026-04-25,23,60636,4023,786,13
TR000654,VID000654,AI Technology Explained,CH003,US,C04,2026-06-22,2026-06-19,24,341991,31648,3476,12
TR000655,VID000655,K-Pop New Release Performance,CH004,JP,C03,2026-06-22,2026-06-02,25,753139,50833,8351,13
TR000656,VID000656,New Science Discovery Explained,CH012,US,C01,2026-06-22,2026-03-28,26,635178,30037,4849,11
TR000657,VID000657,Top 10 Gaming Moments,CH003,GB,C04,2026-06-22,2026-03-24,27,419196,32061,3500,8
TR000658,VID000658,K-Pop New Release Performance,CH003,CA,C04,2026-06-22,2026-05-02,28,165660,12670,1390,10
TR000659,VID000659,New Science Discovery Explained,CH010,JP,C10,2026-06-22,2026-06-11,29,441351,38564,1835,1
TR000660,VID000660,Top 10 Gaming Moments,CH010,US,C10,2026-06-22,2026-04-18,30,245420,28858,2061,6
TR000661,VID000661,Amazing Street Food Tour,CH008,US,C05,2026-06-23,2026-06-12,1,1215543,61283,17203,14
TR000662,VID000662,Funny Moments You Can't Miss,CH005,KR,C02,2026-06-23,2026-06-10,2,935694,89345,9993,4
TR000663,VID000663,Funny Moments You Can't Miss,CH006,JP,C08,2026-06-23,2026-04-09,3,542069,25618,3179,7
TR000664,VID000664,Funny Moments You Can't Miss,CH007,AU,C09,2026-06-23,2026-05-26,4,727068,55163,4007,6
TR000665,VID000665,Championship Final Highlights,CH003,US,C04,2026-06-23,2026-05-18,5,166378,4489,2353,9
TR000666,VID000666,New Science Discovery Explained,CH003,GB,C04,2026-06-23,2026-03-09,6,441647,35096,4168,4
TR000667,VID000667,Best Travel Destinations 2026,CH010,US,C10,2026-06-23,2026-04-20,7,660321,20404,4901,13
TR000668,VID000668,Amazing Street Food Tour,CH002,KR,C01,2026-06-23,2026-03-24,8,504369,25470,1179,12
TR000669,VID000669,Championship Final Highlights,CH002,TW,C01,2026-06-23,2026-06-19,9,3855672,410825,34185,3
TR000670,VID000670,Funny Moments You Can't Miss,CH004,TW,C03,2026-06-23,2026-02-27,10,1455046,33938,12665,2
TR000671,VID000671,Best Travel Destinations 2026,CH012,US,C01,2026-06-23,2026-06-07,11,1279546,69111,12038,14
TR000672,VID000672,New Science Discovery Explained,CH010,US,C10,2026-06-23,2026-05-15,12,523094,35445,1784,11
TR000673,VID000673,Behind the Scenes: Movie Production,CH002,KR,C01,2026-06-23,2026-05-18,13,218222,24832,502,10
TR000674,VID000674,Championship Final Highlights,CH007,AU,C09,2026-06-23,2026-03-06,14,1086691,61272,10050,6
TR000675,VID000675,Amazing Street Food Tour,CH003,US,C04,2026-06-23,2026-06-05,15,875079,74894,6544,12
TR000676,VID000676,AI Technology Explained,CH006,JP,C08,2026-06-23,2026-05-27,16,501910,25544,6610,7
TR000677,VID000677,The Ultimate Tech Review 2026,CH001,US,C07,2026-06-23,2026-04-22,17,1454090,25492,3182,3
TR000678,VID000678,2026 Global Music Festival Highlights,CH007,GB,C09,2026-06-23,2026-04-02,18,89285,4931,324,12
TR000679,VID000679,New Science Discovery Explained,CH011,US,C02,2026-06-23,2026-06-12,19,612828,31913,7413,2
TR000680,VID000680,Amazing Street Food Tour,CH012,AU,C01,2026-06-23,2026-06-17,20,1481177,94709,10306,7
TR000681,VID000681,Behind the Scenes: Movie Production,CH011,US,C02,2026-06-23,2026-06-09,21,328470,5421,2442,13
TR000682,VID000682,K-Pop New Release Performance,CH006,JP,C08,2026-06-23,2026-04-15,22,136393,10701,1578,10
TR000683,VID000683,AI Technology Explained,CH011,US,C02,2026-06-23,2026-06-08,23,680866,27668,6244,6
TR000684,VID000684,Top 10 Gaming Moments,CH003,CA,C04,2026-06-23,2026-06-15,24,234382,10175,777,3
TR000685,VID000685,Amazing Street Food Tour,CH005,JP,C02,2026-06-23,2026-05-09,25,1271292,151831,4356,9
TR000686,VID000686,Championship Final Highlights,CH007,GB,C09,2026-06-23,2026-04-13,26,6925515,135926,22068,1
TR000687,VID000687,Behind the Scenes: Movie Production,CH005,KR,C02,2026-06-23,2026-06-13,27,280815,9221,657,14
TR000688,VID000688,K-Pop New Release Performance,CH009,GB,C06,2026-06-23,2026-05-31,28,355523,42270,3705,9
TR000689,VID000689,AI Technology Explained,CH002,KR,C01,2026-06-23,2026-06-10,29,340258,29126,1008,3
TR000690,VID000690,Top 10 Gaming Moments,CH008,US,C05,2026-06-23,2026-05-22,30,267971,17796,1748,12
TR000691,VID000691,Amazing Street Food Tour,CH001,JP,C07,2026-06-24,2026-03-18,1,750891,20310,5714,9
TR000692,VID000692,Best Travel Destinations 2026,CH004,TW,C03,2026-06-24,2026-04-03,2,468342,46243,4835,13
TR000693,VID000693,Breaking News: Global Update,CH002,JP,C01,2026-06-24,2026-04-22,3,320157,25904,3165,3
TR000694,VID000694,AI Technology Explained,CH007,US,C09,2026-06-24,2026-05-29,4,1880475,200838,23588,8
TR000695,VID000695,AI Technology Explained,CH009,GB,C06,2026-06-24,2026-05-04,5,870347,14579,2893,7
TR000696,VID000696,2026 Global Music Festival Highlights,CH012,AU,C01,2026-06-24,2026-05-22,6,1875690,192116,22809,5
TR000697,VID000697,AI Technology Explained,CH010,JP,C10,2026-06-24,2026-03-18,7,255092,21926,2415,6
TR000698,VID000698,Championship Final Highlights,CH006,JP,C08,2026-06-24,2026-05-27,8,3533067,303571,22053,12
TR000699,VID000699,K-Pop New Release Performance,CH007,GB,C09,2026-06-24,2026-03-30,9,1737744,114342,11411,2
TR000700,VID000700,K-Pop New Release Performance,CH007,GB,C09,2026-06-24,2026-03-19,10,137483,11530,465,13
TR000701,VID000701,Funny Moments You Can't Miss,CH012,TW,C01,2026-06-24,2026-03-28,11,1475746,109513,6326,5
TR000702,VID000702,2026 Global Music Festival Highlights,CH009,TW,C06,2026-06-24,2026-06-03,12,237020,21847,2215,7
TR000703,VID000703,The Ultimate Tech Review 2026,CH004,JP,C03,2026-06-24,2026-02-26,13,2702032,186276,12641,9
TR000704,VID000704,The Ultimate Tech Review 2026,CH006,TW,C08,2026-06-24,2026-05-17,14,101292,2490,518,8
TR000705,VID000705,Championship Final Highlights,CH003,CA,C04,2026-06-24,2026-02-27,15,181458,14643,1539,13
TR000706,VID000706,AI Technology Explained,CH003,GB,C04,2026-06-24,2026-06-23,16,415883,14809,344,14
TR000707,VID000707,New Science Discovery Explained,CH011,JP,C02,2026-06-24,2026-03-27,17,1226397,122494,11489,3
TR000708,VID000708,AI Technology Explained,CH009,GB,C06,2026-06-24,2026-05-13,18,101017,3432,444,8
TR000709,VID000709,Funny Moments You Can't Miss,CH007,AU,C09,2026-06-24,2026-05-21,19,3307906,254423,4885,11
TR000710,VID000710,The Ultimate Tech Review 2026,CH007,GB,C09,2026-06-24,2026-03-10,20,112517,10816,1222,12
TR000711,VID000711,Behind the Scenes: Movie Production,CH008,CA,C05,2026-06-24,2026-04-12,21,90314,9543,449,4
TR000712,VID000712,Amazing Street Food Tour,CH001,US,C07,2026-06-24,2026-03-17,22,1943709,142916,20898,4
TR000713,VID000713,Funny Moments You Can't Miss,CH002,JP,C01,2026-06-24,2026-06-22,23,192213,5565,1875,14
TR000714,VID000714,Top 10 Gaming Moments,CH005,JP,C02,2026-06-24,2026-03-17,24,868436,95387,744,8
TR000715,VID000715,Best Travel Destinations 2026,CH012,US,C01,2026-06-24,2026-04-11,25,3308594,373302,31416,5
TR000716,VID000716,Funny Moments You Can't Miss,CH007,US,C09,2026-06-24,2026-04-07,26,506952,27509,6768,2
TR000717,VID000717,Breaking News: Global Update,CH004,US,C03,2026-06-24,2026-04-04,27,3036474,277052,17675,2
TR000718,VID000718,K-Pop New Release Performance,CH011,JP,C02,2026-06-24,2026-04-01,28,155154,14467,600,12
TR000719,VID000719,2026 Global Music Festival Highlights,CH003,GB,C04,2026-06-24,2026-03-05,29,718023,35177,8325,3
TR000720,VID000720,New Science Discovery Explained,CH006,JP,C08,2026-06-24,2026-06-17,30,754451,13342,8997,8
TR000721,VID000721,Best Travel Destinations 2026,CH003,GB,C04,2026-06-25,2026-03-25,1,308819,22334,4301,11
TR000722,VID000722,Best Travel Destinations 2026,CH010,US,C10,2026-06-25,2026-05-20,2,5410197,164486,56859,6
TR000723,VID000723,AI Technology Explained,CH009,TW,C06,2026-06-25,2026-04-05,3,141535,5742,698,3
TR000724,VID000724,Amazing Street Food Tour,CH011,JP,C02,2026-06-25,2026-04-25,4,907341,26690,12983,6
TR000725,VID000725,Championship Final Highlights,CH008,US,C05,2026-06-25,2026-03-23,5,1140939,113341,16891,8
TR000726,VID000726,Championship Final Highlights,CH006,JP,C08,2026-06-25,2026-05-21,6,218747,23333,644,7
TR000727,VID000727,Behind the Scenes: Movie Production,CH011,KR,C02,2026-06-25,2026-03-26,7,416002,14737,5157,5
TR000728,VID000728,2026 Global Music Festival Highlights,CH001,JP,C07,2026-06-25,2026-04-23,8,424136,38443,3355,3
TR000729,VID000729,2026 Global Music Festival Highlights,CH005,JP,C02,2026-06-25,2026-03-01,9,380611,24443,4084,12
TR000730,VID000730,The Ultimate Tech Review 2026,CH008,CA,C05,2026-06-25,2026-06-02,10,862560,68367,4262,6
TR000731,VID000731,Funny Moments You Can't Miss,CH011,US,C02,2026-06-25,2026-05-06,11,110699,4552,1567,2
TR000732,VID000732,Top 10 Gaming Moments,CH008,CA,C05,2026-06-25,2026-03-21,12,978020,74501,14606,1
TR000733,VID000733,Best Travel Destinations 2026,CH001,JP,C07,2026-06-25,2026-04-24,13,534371,17643,1564,13
TR000734,VID000734,Championship Final Highlights,CH007,GB,C09,2026-06-25,2026-04-22,14,82935,5665,207,11
TR000735,VID000735,Amazing Street Food Tour,CH006,JP,C08,2026-06-25,2026-04-05,15,1298067,91716,9457,6
TR000736,VID000736,K-Pop New Release Performance,CH003,US,C04,2026-06-25,2026-06-09,16,383812,40143,3940,1
TR000737,VID000737,Funny Moments You Can't Miss,CH010,JP,C10,2026-06-25,2026-06-23,17,541623,50570,2717,5
TR000738,VID000738,Behind the Scenes: Movie Production,CH005,JP,C02,2026-06-25,2026-03-12,18,760772,57004,5661,9
TR000739,VID000739,The Ultimate Tech Review 2026,CH002,TW,C01,2026-06-25,2026-03-10,19,216494,5983,320,7
TR000740,VID000740,The Ultimate Tech Review 2026,CH001,US,C07,2026-06-25,2026-03-20,20,745104,66376,3696,11
TR000741,VID000741,The Ultimate Tech Review 2026,CH011,US,C02,2026-06-25,2026-05-24,21,166779,15624,2302,7
TR000742,VID000742,The Ultimate Tech Review 2026,CH002,KR,C01,2026-06-25,2026-03-29,22,960600,18338,5937,6
TR000743,VID000743,Breaking News: Global Update,CH001,TW,C07,2026-06-25,2026-05-13,23,490626,51737,6406,14
TR000744,VID000744,The Ultimate Tech Review 2026,CH010,US,C10,2026-06-25,2026-04-28,24,3409499,64638,41653,10
TR000745,VID000745,Amazing Street Food Tour,CH007,AU,C09,2026-06-25,2026-03-31,25,619449,35220,8060,10
TR000746,VID000746,Breaking News: Global Update,CH009,TW,C06,2026-06-25,2026-05-09,26,565811,32458,2208,6
TR000747,VID000747,Funny Moments You Can't Miss,CH004,US,C03,2026-06-25,2026-05-18,27,496628,17092,3331,7
TR000748,VID000748,Top 10 Gaming Moments,CH012,AU,C01,2026-06-25,2026-04-24,28,144870,7905,1912,14
TR000749,VID000749,Funny Moments You Can't Miss,CH003,US,C04,2026-06-25,2026-05-14,29,380666,17623,1958,14
TR000750,VID000750,AI Technology Explained,CH008,CA,C05,2026-06-25,2026-04-19,30,319114,26060,732,2
TR000751,VID000751,K-Pop New Release Performance,CH003,GB,C04,2026-06-26,2026-06-25,1,530228,12287,7610,5
TR000752,VID000752,AI Technology Explained,CH005,JP,C02,2026-06-26,2026-04-26,2,1628676,107003,5827,1
TR000753,VID000753,Top 10 Gaming Moments,CH004,TW,C03,2026-06-26,2026-04-23,3,375368,16831,1760,14
TR000754,VID000754,Amazing Street Food Tour,CH007,GB,C09,2026-06-26,2026-06-24,4,546939,17827,2734,12
TR000755,VID000755,Breaking News: Global Update,CH006,JP,C08,2026-06-26,2026-05-25,5,2540032,69630,16057,2
TR000756,VID000756,Best Travel Destinations 2026,CH006,TW,C08,2026-06-26,2026-03-21,6,171106,3281,765,12
TR000757,VID000757,2026 Global Music Festival Highlights,CH011,JP,C02,2026-06-26,2026-03-21,7,772435,23038,8937,7
TR000758,VID000758,Breaking News: Global Update,CH006,TW,C08,2026-06-26,2026-04-07,8,386874,37294,2115,7
TR000759,VID000759,K-Pop New Release Performance,CH002,TW,C01,2026-06-26,2026-05-16,9,2333777,237400,24738,7
TR000760,VID000760,Best Travel Destinations 2026,CH009,GB,C06,2026-06-26,2026-04-26,10,546094,26179,5306,10
TR000761,VID000761,Breaking News: Global Update,CH007,AU,C09,2026-06-26,2026-03-20,11,739380,29865,4936,10
TR000762,VID000762,2026 Global Music Festival Highlights,CH003,US,C04,2026-06-26,2026-05-25,12,2862016,151866,35626,14
TR000763,VID000763,Behind the Scenes: Movie Production,CH011,JP,C02,2026-06-26,2026-04-29,13,318716,27666,276,1
TR000764,VID000764,New Science Discovery Explained,CH011,JP,C02,2026-06-26,2026-06-01,14,985674,77898,3934,9
TR000765,VID000765,Funny Moments You Can't Miss,CH008,CA,C05,2026-06-26,2026-03-08,15,258804,28633,152,12
TR000766,VID000766,Championship Final Highlights,CH008,US,C05,2026-06-26,2026-04-19,16,339748,38132,966,10
TR000767,VID000767,Behind the Scenes: Movie Production,CH011,KR,C02,2026-06-26,2026-06-05,17,78320,1840,1034,4
TR000768,VID000768,Top 10 Gaming Moments,CH005,KR,C02,2026-06-26,2026-04-05,18,282845,10219,3792,2
TR000769,VID000769,Best Travel Destinations 2026,CH011,US,C02,2026-06-26,2026-03-11,19,382929,25815,1394,3
TR000770,VID000770,AI Technology Explained,CH010,US,C10,2026-06-26,2026-05-31,20,313039,18624,1709,1
TR000771,VID000771,2026 Global Music Festival Highlights,CH002,TW,C01,2026-06-26,2026-06-23,21,889416,66475,10274,8
TR000772,VID000772,Top 10 Gaming Moments,CH003,CA,C04,2026-06-26,2026-05-08,22,343536,35758,1981,4
TR000773,VID000773,2026 Global Music Festival Highlights,CH005,TW,C02,2026-06-26,2026-06-19,23,774532,14957,8752,1
TR000774,VID000774,Best Travel Destinations 2026,CH009,US,C06,2026-06-26,2026-02-28,24,58746,5037,412,12
TR000775,VID000775,Best Travel Destinations 2026,CH006,JP,C08,2026-06-26,2026-06-06,25,794846,57465,2749,1
TR000776,VID000776,Top 10 Gaming Moments,CH010,JP,C10,2026-06-26,2026-05-12,26,211764,11636,431,13
TR000777,VID000777,Championship Final Highlights,CH010,JP,C10,2026-06-26,2026-06-24,27,182743,19971,1482,14
TR000778,VID000778,The Ultimate Tech Review 2026,CH002,KR,C01,2026-06-26,2026-06-05,28,33242,1217,17,10
TR000779,VID000779,Top 10 Gaming Moments,CH009,TW,C06,2026-06-26,2026-04-08,29,151871,4484,1701,11
TR000780,VID000780,Breaking News: Global Update,CH003,CA,C04,2026-06-26,2026-06-14,30,90794,8043,1171,2
TR000781,VID000781,Breaking News: Global Update,CH012,US,C01,2026-06-27,2026-03-09,1,311938,31397,2857,8
TR000782,VID000782,Amazing Street Food Tour,CH007,GB,C09,2026-06-27,2026-06-21,2,204317,7505,2624,7
TR000783,VID000783,Funny Moments You Can't Miss,CH011,KR,C02,2026-06-27,2026-06-16,3,971507,90045,11600,3
TR000784,VID000784,K-Pop New Release Performance,CH006,TW,C08,2026-06-27,2026-06-01,4,257239,4979,1329,6
TR000785,VID000785,New Science Discovery Explained,CH008,CA,C05,2026-06-27,2026-03-31,5,183728,7869,1946,12
TR000786,VID000786,2026 Global Music Festival Highlights,CH007,AU,C09,2026-06-27,2026-05-24,6,1306631,26847,14409,3
TR000787,VID000787,Breaking News: Global Update,CH003,US,C04,2026-06-27,2026-06-15,7,1243045,135898,11123,2
TR000788,VID000788,Breaking News: Global Update,CH012,US,C01,2026-06-27,2026-04-14,8,1216936,93862,3996,11
TR000789,VID000789,Behind the Scenes: Movie Production,CH009,TW,C06,2026-06-27,2026-06-15,9,10345443,518477,83074,5
TR000790,VID000790,New Science Discovery Explained,CH004,JP,C03,2026-06-27,2026-03-13,10,143847,8746,1445,2
TR000791,VID000791,New Science Discovery Explained,CH005,TW,C02,2026-06-27,2026-06-06,11,346048,15650,3809,6
TR000792,VID000792,New Science Discovery Explained,CH012,TW,C01,2026-06-27,2026-05-14,12,1047204,109414,1145,1
TR000793,VID000793,Amazing Street Food Tour,CH003,GB,C04,2026-06-27,2026-05-20,13,186559,21847,1494,9
TR000794,VID000794,Top 10 Gaming Moments,CH007,US,C09,2026-06-27,2026-04-29,14,428821,41687,4878,12
TR000795,VID000795,K-Pop New Release Performance,CH010,JP,C10,2026-06-27,2026-04-14,15,2138017,45976,18950,7
TR000796,VID000796,Best Travel Destinations 2026,CH002,TW,C01,2026-06-27,2026-05-06,16,455335,27147,2755,8
TR000797,VID000797,The Ultimate Tech Review 2026,CH001,TW,C07,2026-06-27,2026-06-25,17,262796,5043,1842,13
TR000798,VID000798,AI Technology Explained,CH006,JP,C08,2026-06-27,2026-03-09,18,91057,4714,860,5
TR000799,VID000799,Behind the Scenes: Movie Production,CH010,JP,C10,2026-06-27,2026-05-06,19,897210,40269,7177,3
TR000800,VID000800,New Science Discovery Explained,CH002,TW,C01,2026-06-27,2026-03-25,20,6911138,453452,79393,1
TR000801,VID000801,Breaking News: Global Update,CH012,TW,C01,2026-06-27,2026-05-05,21,128561,2790,655,10
TR000802,VID000802,K-Pop New Release Performance,CH008,US,C05,2026-06-27,2026-04-30,22,526694,36367,1023,12
TR000803,VID000803,Behind the Scenes: Movie Production,CH012,TW,C01,2026-06-27,2026-04-11,23,675821,10886,4199,8
TR000804,VID000804,Amazing Street Food Tour,CH012,AU,C01,2026-06-27,2026-05-18,24,968946,90450,11752,13
TR000805,VID000805,Championship Final Highlights,CH005,JP,C02,2026-06-27,2026-04-14,25,166811,8040,2127,7
TR000806,VID000806,Top 10 Gaming Moments,CH008,CA,C05,2026-06-27,2026-05-26,26,1128089,52220,10795,5
TR000807,VID000807,2026 Global Music Festival Highlights,CH006,TW,C08,2026-06-27,2026-06-23,27,776953,14944,4063,11
TR000808,VID000808,Top 10 Gaming Moments,CH007,US,C09,2026-06-27,2026-06-04,28,117702,13532,642,8
TR000809,VID000809,Breaking News: Global Update,CH005,TW,C02,2026-06-27,2026-06-02,29,34326,2801,326,5
TR000810,VID000810,Behind the Scenes: Movie Production,CH002,KR,C01,2026-06-27,2026-03-21,30,509630,47853,7210,14
TR000811,VID000811,Breaking News: Global Update,CH011,JP,C02,2026-06-28,2026-05-21,1,177844,15754,2062,10
TR000812,VID000812,Breaking News: Global Update,CH011,KR,C02,2026-06-28,2026-06-13,2,130781,12103,186,6
TR000813,VID000813,Amazing Street Food Tour,CH003,GB,C04,2026-06-28,2026-06-16,3,387485,22296,1536,3
TR000814,VID000814,Funny Moments You Can't Miss,CH009,GB,C06,2026-06-28,2026-05-06,4,304806,10353,4340,7
TR000815,VID000815,Behind the Scenes: Movie Production,CH002,TW,C01,2026-06-28,2026-04-11,5,2102818,129702,23686,12
TR000816,VID000816,Behind the Scenes: Movie Production,CH004,JP,C03,2026-06-28,2026-03-22,6,95754,6205,281,1
TR000817,VID000817,New Science Discovery Explained,CH011,US,C02,2026-06-28,2026-04-01,7,1152900,35662,10570,7
TR000818,VID000818,Best Travel Destinations 2026,CH006,JP,C08,2026-06-28,2026-05-10,8,544489,24307,4893,2
TR000819,VID000819,Best Travel Destinations 2026,CH001,US,C07,2026-06-28,2026-03-25,9,2331626,111043,18559,8
TR000820,VID000820,K-Pop New Release Performance,CH001,JP,C07,2026-06-28,2026-04-09,10,466389,33251,5084,4
TR000821,VID000821,AI Technology Explained,CH012,TW,C01,2026-06-28,2026-05-23,11,979442,103509,14646,1
TR000822,VID000822,Behind the Scenes: Movie Production,CH012,AU,C01,2026-06-28,2026-04-04,12,1302350,76581,17226,7
TR000823,VID000823,The Ultimate Tech Review 2026,CH006,TW,C08,2026-06-28,2026-04-05,13,68737,4418,889,14
TR000824,VID000824,Amazing Street Food Tour,CH004,US,C03,2026-06-28,2026-03-11,14,495004,17893,315,4
TR000825,VID000825,New Science Discovery Explained,CH011,JP,C02,2026-06-28,2026-04-23,15,117103,12713,840,11
TR000826,VID000826,Best Travel Destinations 2026,CH012,AU,C01,2026-06-28,2026-06-07,16,416154,10467,4555,14
TR000827,VID000827,The Ultimate Tech Review 2026,CH005,TW,C02,2026-06-28,2026-04-04,17,869270,54756,4093,1
TR000828,VID000828,Behind the Scenes: Movie Production,CH008,US,C05,2026-06-28,2026-04-27,18,387455,23420,3202,12
TR000829,VID000829,Championship Final Highlights,CH010,JP,C10,2026-06-28,2026-06-22,19,471029,31171,6692,14
TR000830,VID000830,Amazing Street Food Tour,CH007,AU,C09,2026-06-28,2026-05-05,20,484007,52512,2085,2
TR000831,VID000831,Breaking News: Global Update,CH006,TW,C08,2026-06-28,2026-03-27,21,769853,59048,9545,9
TR000832,VID000832,Best Travel Destinations 2026,CH008,US,C05,2026-06-28,2026-06-03,22,1043216,63796,8243,4
TR000833,VID000833,2026 Global Music Festival Highlights,CH004,JP,C03,2026-06-28,2026-03-22,23,377118,28261,5162,13
TR000834,VID000834,Behind the Scenes: Movie Production,CH002,JP,C01,2026-06-28,2026-04-06,24,680147,58743,5963,10
TR000835,VID000835,Amazing Street Food Tour,CH011,KR,C02,2026-06-28,2026-06-11,25,456308,39824,5181,7
TR000836,VID000836,Top 10 Gaming Moments,CH002,TW,C01,2026-06-28,2026-03-02,26,287464,20557,2366,8
TR000837,VID000837,Breaking News: Global Update,CH004,TW,C03,2026-06-28,2026-06-03,27,439960,34466,1669,8
TR000838,VID000838,2026 Global Music Festival Highlights,CH005,TW,C02,2026-06-28,2026-05-17,28,1437638,171050,13462,14
TR000839,VID000839,AI Technology Explained,CH008,US,C05,2026-06-28,2026-03-21,29,415663,28662,5009,4
TR000840,VID000840,K-Pop New Release Performance,CH001,TW,C07,2026-06-28,2026-05-10,30,370399,34748,1452,11
TR000841,VID000841,Championship Final Highlights,CH007,AU,C09,2026-06-29,2026-06-11,1,1169504,124686,4724,6
TR000842,VID000842,Funny Moments You Can't Miss,CH002,JP,C01,2026-06-29,2026-05-24,2,1628929,40246,11629,11
TR000843,VID000843,Funny Moments You Can't Miss,CH009,US,C06,2026-06-29,2026-04-18,3,208905,22777,3032,12
TR000844,VID000844,Top 10 Gaming Moments,CH012,TW,C01,2026-06-29,2026-03-14,4,127227,4219,555,13
TR000845,VID000845,Behind the Scenes: Movie Production,CH006,TW,C08,2026-06-29,2026-04-22,5,336826,31481,402,5
TR000846,VID000846,The Ultimate Tech Review 2026,CH012,TW,C01,2026-06-29,2026-05-18,6,564114,26792,8256,2
TR000847,VID000847,Breaking News: Global Update,CH010,JP,C10,2026-06-29,2026-03-27,7,1471888,84687,793,12
TR000848,VID000848,New Science Discovery Explained,CH011,US,C02,2026-06-29,2026-03-18,8,799738,68834,1143,13
TR000849,VID000849,Behind the Scenes: Movie Production,CH010,JP,C10,2026-06-29,2026-05-26,9,384981,14570,939,3
TR000850,VID000850,Championship Final Highlights,CH003,US,C04,2026-06-29,2026-04-14,10,1476368,97104,5449,2
TR000851,VID000851,Funny Moments You Can't Miss,CH004,TW,C03,2026-06-29,2026-03-18,11,163970,15550,1799,11
TR000852,VID000852,Breaking News: Global Update,CH003,US,C04,2026-06-29,2026-06-05,12,1125832,119286,14791,3
TR000853,VID000853,Championship Final Highlights,CH004,JP,C03,2026-06-29,2026-03-20,13,363334,15628,2847,13
TR000854,VID000854,Top 10 Gaming Moments,CH004,TW,C03,2026-06-29,2026-04-12,14,278011,4537,2737,8
TR000855,VID000855,K-Pop New Release Performance,CH001,US,C07,2026-06-29,2026-04-09,15,79128,6947,918,7
TR000856,VID000856,Top 10 Gaming Moments,CH003,CA,C04,2026-06-29,2026-04-30,16,176991,10949,1954,7
TR000857,VID000857,Funny Moments You Can't Miss,CH007,US,C09,2026-06-29,2026-05-19,17,519636,36792,3710,8
TR000858,VID000858,Behind the Scenes: Movie Production,CH006,JP,C08,2026-06-29,2026-05-15,18,175853,2676,752,11
TR000859,VID000859,Best Travel Destinations 2026,CH007,US,C09,2026-06-29,2026-05-04,19,2604333,160650,2324,13
TR000860,VID000860,The Ultimate Tech Review 2026,CH002,KR,C01,2026-06-29,2026-05-19,20,651812,18305,6492,2
TR000861,VID000861,New Science Discovery Explained,CH009,TW,C06,2026-06-29,2026-05-21,21,242082,23352,2957,4
TR000862,VID000862,Top 10 Gaming Moments,CH009,TW,C06,2026-06-29,2026-03-08,22,607986,62381,5393,1
TR000863,VID000863,Breaking News: Global Update,CH006,JP,C08,2026-06-29,2026-03-10,23,905296,21684,11822,10
TR000864,VID000864,New Science Discovery Explained,CH010,JP,C10,2026-06-29,2026-05-12,24,255526,30637,944,6
TR000865,VID000865,AI Technology Explained,CH003,GB,C04,2026-06-29,2026-06-01,25,3482451,149919,47725,5
TR000866,VID000866,Behind the Scenes: Movie Production,CH007,US,C09,2026-06-29,2026-06-09,26,596631,48169,949,13
TR000867,VID000867,The Ultimate Tech Review 2026,CH011,JP,C02,2026-06-29,2026-06-22,27,294713,16336,4177,5
TR000868,VID000868,New Science Discovery Explained,CH010,US,C10,2026-06-29,2026-03-26,28,238749,17924,3347,13
TR000869,VID000869,K-Pop New Release Performance,CH010,JP,C10,2026-06-29,2026-05-21,29,609794,10724,6465,1
TR000870,VID000870,Top 10 Gaming Moments,CH005,JP,C02,2026-06-29,2026-03-26,30,375284,19333,305,11
TR000871,VID000871,K-Pop New Release Performance,CH002,JP,C01,2026-06-30,2026-04-26,1,8564261,357856,99638,6
TR000872,VID000872,AI Technology Explained,CH004,US,C03,2026-06-30,2026-04-28,2,1297120,68800,16191,13
TR000873,VID000873,AI Technology Explained,CH010,JP,C10,2026-06-30,2026-06-21,3,153515,17270,1503,4
TR000874,VID000874,Breaking News: Global Update,CH006,TW,C08,2026-06-30,2026-05-12,4,36385,1837,500,10
TR000875,VID000875,Championship Final Highlights,CH005,TW,C02,2026-06-30,2026-04-01,5,1362507,122773,5978,5
TR000876,VID000876,Championship Final Highlights,CH011,KR,C02,2026-06-30,2026-06-14,6,1568210,121938,20560,7
TR000877,VID000877,Funny Moments You Can't Miss,CH011,KR,C02,2026-06-30,2026-04-25,7,1197541,48726,7914,11
TR000878,VID000878,Amazing Street Food Tour,CH008,CA,C05,2026-06-30,2026-03-25,8,751109,54688,2472,8
TR000879,VID000879,Funny Moments You Can't Miss,CH003,GB,C04,2026-06-30,2026-04-28,9,5200224,423024,42341,14
TR000880,VID000880,New Science Discovery Explained,CH010,US,C10,2026-06-30,2026-06-01,10,613395,56053,8041,5
TR000881,VID000881,Amazing Street Food Tour,CH006,TW,C08,2026-06-30,2026-06-07,11,168481,11822,351,1
TR000882,VID000882,Breaking News: Global Update,CH009,GB,C06,2026-06-30,2026-03-31,12,339038,14847,300,1
TR000883,VID000883,The Ultimate Tech Review 2026,CH011,US,C02,2026-06-30,2026-03-29,13,153676,7992,357,9
TR000884,VID000884,Top 10 Gaming Moments,CH009,GB,C06,2026-06-30,2026-06-03,14,830664,96429,7983,9
TR000885,VID000885,The Ultimate Tech Review 2026,CH006,TW,C08,2026-06-30,2026-04-24,15,86096,8314,131,7
TR000886,VID000886,Top 10 Gaming Moments,CH002,KR,C01,2026-06-30,2026-05-24,16,1134840,76271,16204,1
TR000887,VID000887,AI Technology Explained,CH001,TW,C07,2026-06-30,2026-06-29,17,831489,80097,3040,13
TR000888,VID000888,Championship Final Highlights,CH010,JP,C10,2026-06-30,2026-04-26,18,234803,3883,3253,12
TR000889,VID000889,2026 Global Music Festival Highlights,CH004,US,C03,2026-06-30,2026-04-10,19,695268,52327,3883,10
TR000890,VID000890,The Ultimate Tech Review 2026,CH003,CA,C04,2026-06-30,2026-04-22,20,333638,19209,4927,2
TR000891,VID000891,The Ultimate Tech Review 2026,CH007,US,C09,2026-06-30,2026-03-16,21,83674,8975,280,9
TR000892,VID000892,2026 Global Music Festival Highlights,CH007,AU,C09,2026-06-30,2026-03-05,22,330538,37780,3409,12
TR000893,VID000893,Breaking News: Global Update,CH008,US,C05,2026-06-30,2026-03-10,23,260464,19621,2074,1
TR000894,VID000894,Amazing Street Food Tour,CH005,JP,C02,2026-06-30,2026-06-08,24,1234598,77160,13750,5
TR000895,VID000895,AI Technology Explained,CH004,JP,C03,2026-06-30,2026-04-09,25,1700858,121464,17549,7
TR000896,VID000896,AI Technology Explained,CH007,US,C09,2026-06-30,2026-05-07,26,125340,4146,845,3
TR000897,VID000897,2026 Global Music Festival Highlights,CH009,TW,C06,2026-06-30,2026-04-13,27,154576,2429,1124,3
TR000898,VID000898,Breaking News: Global Update,CH010,JP,C10,2026-06-30,2026-05-03,28,261541,10613,3159,9
TR000899,VID000899,AI Technology Explained,CH003,CA,C04,2026-06-30,2026-03-21,29,357239,23709,1306,3
TR000900,VID000900,Amazing Street Food Tour,CH005,KR,C02,2026-06-30,2026-03-16,30,1644214,102227,23244,13
TR000901,VID000901,The Ultimate Tech Review 2026,CH010,JP,C10,2026-07-01,2026-05-13,1,400121,17261,5492,14
TR000902,VID000902,Top 10 Gaming Moments,CH009,TW,C06,2026-07-01,2026-06-25,2,417737,37820,379,2
TR000903,VID000903,Behind the Scenes: Movie Production,CH002,TW,C01,2026-07-01,2026-05-13,3,258423,21575,1647,6
TR000904,VID000904,Funny Moments You Can't Miss,CH010,US,C10,2026-07-01,2026-05-04,4,852052,36903,10552,9
TR000905,VID000905,The Ultimate Tech Review 2026,CH006,TW,C08,2026-07-01,2026-04-24,5,2497626,99564,4289,12
TR000906,VID000906,2026 Global Music Festival Highlights,CH005,TW,C02,2026-07-01,2026-04-23,6,191961,22580,2780,14
TR000907,VID000907,Behind the Scenes: Movie Production,CH003,GB,C04,2026-07-01,2026-03-09,7,993430,54363,1770,2
TR000908,VID000908,AI Technology Explained,CH003,GB,C04,2026-07-01,2026-04-24,8,246605,14474,718,3
TR000909,VID000909,Amazing Street Food Tour,CH007,GB,C09,2026-07-01,2026-06-22,9,1563976,152617,6308,10
TR000910,VID000910,Funny Moments You Can't Miss,CH010,US,C10,2026-07-01,2026-04-18,10,1063195,97650,3213,2
TR000911,VID000911,Funny Moments You Can't Miss,CH005,TW,C02,2026-07-01,2026-04-21,11,553926,25750,553,14
TR000912,VID000912,Behind the Scenes: Movie Production,CH008,US,C05,2026-07-01,2026-04-22,12,159957,15775,1460,12
TR000913,VID000913,AI Technology Explained,CH001,JP,C07,2026-07-01,2026-06-20,13,138156,4165,256,6
TR000914,VID000914,AI Technology Explained,CH005,JP,C02,2026-07-01,2026-03-29,14,2762432,102785,30863,14
TR000915,VID000915,Breaking News: Global Update,CH008,CA,C05,2026-07-01,2026-05-05,15,1132201,57804,879,7
TR000916,VID000916,Behind the Scenes: Movie Production,CH011,JP,C02,2026-07-01,2026-06-04,16,1533270,96314,12283,13
TR000917,VID000917,Behind the Scenes: Movie Production,CH007,US,C09,2026-07-01,2026-05-29,17,2344030,92511,28809,12
TR000918,VID000918,Behind the Scenes: Movie Production,CH008,US,C05,2026-07-01,2026-03-17,18,293176,23730,3674,5
TR000919,VID000919,Amazing Street Food Tour,CH006,TW,C08,2026-07-01,2026-06-18,19,461114,9478,4918,14
TR000920,VID000920,2026 Global Music Festival Highlights,CH010,US,C10,2026-07-01,2026-04-15,20,275763,32965,2057,1
TR000921,VID000921,Behind the Scenes: Movie Production,CH006,JP,C08,2026-07-01,2026-03-10,21,978970,23080,3580,6
TR000922,VID000922,New Science Discovery Explained,CH006,JP,C08,2026-07-01,2026-06-25,22,1918059,126816,26960,3
TR000923,VID000923,K-Pop New Release Performance,CH007,GB,C09,2026-07-01,2026-03-19,23,565849,35038,6666,9
TR000924,VID000924,The Ultimate Tech Review 2026,CH004,TW,C03,2026-07-01,2026-06-06,24,198336,22271,2142,3
TR000925,VID000925,Top 10 Gaming Moments,CH006,TW,C08,2026-07-01,2026-03-17,25,849417,22505,12320,12
TR000926,VID000926,2026 Global Music Festival Highlights,CH005,JP,C02,2026-07-01,2026-06-20,26,86566,3929,645,11
TR000927,VID000927,Top 10 Gaming Moments,CH012,AU,C01,2026-07-01,2026-06-02,27,136752,16238,840,11
TR000928,VID000928,AI Technology Explained,CH007,AU,C09,2026-07-01,2026-05-16,28,201053,20867,1952,10
TR000929,VID000929,Breaking News: Global Update,CH009,TW,C06,2026-07-01,2026-04-12,29,124068,1953,1285,8
TR000930,VID000930,2026 Global Music Festival Highlights,CH010,JP,C10,2026-07-01,2026-04-25,30,127097,10582,1431,5
TR000931,VID000931,K-Pop New Release Performance,CH003,GB,C04,2026-07-02,2026-04-03,1,568699,16533,1238,10
TR000932,VID000932,2026 Global Music Festival Highlights,CH011,JP,C02,2026-07-02,2026-03-05,2,994224,95488,7472,11
TR000933,VID000933,Best Travel Destinations 2026,CH008,CA,C05,2026-07-02,2026-03-08,3,809458,30594,6766,14
TR000934,VID000934,2026 Global Music Festival Highlights,CH005,KR,C02,2026-07-02,2026-04-08,4,255848,29419,312,2
TR000935,VID000935,K-Pop New Release Performance,CH008,US,C05,2026-07-02,2026-05-30,5,224348,26518,1857,7
TR000936,VID000936,Best Travel Destinations 2026,CH009,US,C06,2026-07-02,2026-03-20,6,95558,7120,1339,5
TR000937,VID000937,Funny Moments You Can't Miss,CH005,TW,C02,2026-07-02,2026-06-27,7,1041420,88593,2417,10
TR000938,VID000938,Breaking News: Global Update,CH006,TW,C08,2026-07-02,2026-04-26,8,786274,65313,2358,12
TR000939,VID000939,Funny Moments You Can't Miss,CH009,GB,C06,2026-07-02,2026-03-09,9,1558675,119110,6796,6
TR000940,VID000940,New Science Discovery Explained,CH003,US,C04,2026-07-02,2026-04-09,10,878743,59487,6236,1
TR000941,VID000941,Behind the Scenes: Movie Production,CH008,CA,C05,2026-07-02,2026-05-13,11,1226836,51982,5894,7
TR000942,VID000942,AI Technology Explained,CH009,US,C06,2026-07-02,2026-03-28,12,765316,72919,1260,9
TR000943,VID000943,Top 10 Gaming Moments,CH008,CA,C05,2026-07-02,2026-04-06,13,568463,29780,6787,1
TR000944,VID000944,2026 Global Music Festival Highlights,CH005,TW,C02,2026-07-02,2026-04-13,14,196423,17665,2586,2
TR000945,VID000945,Best Travel Destinations 2026,CH007,AU,C09,2026-07-02,2026-04-24,15,362223,11551,3859,5
TR000946,VID000946,K-Pop New Release Performance,CH001,TW,C07,2026-07-02,2026-06-07,16,158076,5552,1166,1
TR000947,VID000947,Best Travel Destinations 2026,CH010,US,C10,2026-07-02,2026-03-31,17,1300856,86849,9551,14
TR000948,VID000948,New Science Discovery Explained,CH001,US,C07,2026-07-02,2026-03-20,18,318782,18288,1700,1
TR000949,VID000949,Behind the Scenes: Movie Production,CH003,CA,C04,2026-07-02,2026-04-23,19,413788,20720,847,8
TR000950,VID000950,2026 Global Music Festival Highlights,CH005,JP,C02,2026-07-02,2026-04-02,20,1894861,183299,5633,7
TR000951,VID000951,Top 10 Gaming Moments,CH003,GB,C04,2026-07-02,2026-06-16,21,56933,3527,825,1
TR000952,VID000952,Funny Moments You Can't Miss,CH009,US,C06,2026-07-02,2026-04-05,22,926510,40742,10283,12
TR000953,VID000953,New Science Discovery Explained,CH005,KR,C02,2026-07-02,2026-05-25,23,1843737,93232,15992,13
TR000954,VID000954,Behind the Scenes: Movie Production,CH002,JP,C01,2026-07-02,2026-04-14,24,290850,18490,3596,6
TR000955,VID000955,Championship Final Highlights,CH007,AU,C09,2026-07-02,2026-06-01,25,828694,23449,2559,4
TR000956,VID000956,Funny Moments You Can't Miss,CH010,US,C10,2026-07-02,2026-06-08,26,334533,38168,4903,11
TR000957,VID000957,Top 10 Gaming Moments,CH004,TW,C03,2026-07-02,2026-03-14,27,1114045,93785,16535,6
TR000958,VID000958,K-Pop New Release Performance,CH010,US,C10,2026-07-02,2026-04-10,28,154720,5603,324,11
TR000959,VID000959,Amazing Street Food Tour,CH001,US,C07,2026-07-02,2026-03-24,29,248738,19091,2529,13
TR000960,VID000960,Top 10 Gaming Moments,CH002,JP,C01,2026-07-02,2026-06-06,30,621855,29796,5906,4
TR000961,VID000961,K-Pop New Release Performance,CH006,JP,C08,2026-07-03,2026-05-26,1,1420288,90854,8158,8
TR000962,VID000962,New Science Discovery Explained,CH011,KR,C02,2026-07-03,2026-06-15,2,752364,24566,5964,10
TR000963,VID000963,Championship Final Highlights,CH003,US,C04,2026-07-03,2026-03-26,3,743454,24687,8184,12
TR000964,VID000964,Breaking News: Global Update,CH011,US,C02,2026-07-03,2026-06-08,4,166462,15489,1829,6
TR000965,VID000965,Breaking News: Global Update,CH005,TW,C02,2026-07-03,2026-06-10,5,112967,7494,723,3
TR000966,VID000966,2026 Global Music Festival Highlights,CH005,KR,C02,2026-07-03,2026-05-06,6,217394,10168,1558,1
TR000967,VID000967,2026 Global Music Festival Highlights,CH011,US,C02,2026-07-03,2026-03-27,7,532077,26510,5844,7
TR000968,VID000968,New Science Discovery Explained,CH012,TW,C01,2026-07-03,2026-05-20,8,1184173,47736,861,3
TR000969,VID000969,K-Pop New Release Performance,CH008,CA,C05,2026-07-03,2026-06-06,9,690453,56958,8181,6
TR000970,VID000970,K-Pop New Release Performance,CH006,JP,C08,2026-07-03,2026-04-29,10,199003,22221,369,12
TR000971,VID000971,Behind the Scenes: Movie Production,CH008,CA,C05,2026-07-03,2026-04-23,11,936197,77963,1695,12
TR000972,VID000972,Behind the Scenes: Movie Production,CH011,JP,C02,2026-07-03,2026-04-16,12,371778,21279,462,6
TR000973,VID000973,Behind the Scenes: Movie Production,CH005,JP,C02,2026-07-03,2026-03-25,13,865368,26920,5032,9
TR000974,VID000974,Best Travel Destinations 2026,CH005,TW,C02,2026-07-03,2026-06-26,14,809191,72227,2638,12
TR000975,VID000975,Behind the Scenes: Movie Production,CH005,TW,C02,2026-07-03,2026-03-23,15,1676260,185546,14305,10
TR000976,VID000976,Best Travel Destinations 2026,CH004,US,C03,2026-07-03,2026-03-13,16,68800,3590,452,7
TR000977,VID000977,The Ultimate Tech Review 2026,CH007,US,C09,2026-07-03,2026-04-23,17,487923,45256,5599,9
TR000978,VID000978,Best Travel Destinations 2026,CH010,JP,C10,2026-07-03,2026-03-09,18,180049,4429,1543,7
TR000979,VID000979,2026 Global Music Festival Highlights,CH011,JP,C02,2026-07-03,2026-05-01,19,287404,32001,2948,10
TR000980,VID000980,K-Pop New Release Performance,CH003,GB,C04,2026-07-03,2026-06-11,20,398791,12539,5835,2
TR000981,VID000981,Funny Moments You Can't Miss,CH012,TW,C01,2026-07-03,2026-06-27,21,330843,27133,1844,2
TR000982,VID000982,New Science Discovery Explained,CH001,JP,C07,2026-07-03,2026-03-27,22,244234,28323,2866,12
TR000983,VID000983,K-Pop New Release Performance,CH001,US,C07,2026-07-03,2026-06-27,23,721384,53439,8333,4
TR000984,VID000984,Championship Final Highlights,CH001,JP,C07,2026-07-03,2026-05-24,24,280322,8373,556,9
TR000985,VID000985,Top 10 Gaming Moments,CH010,US,C10,2026-07-03,2026-06-24,25,321660,36967,1652,2
TR000986,VID000986,New Science Discovery Explained,CH009,TW,C06,2026-07-03,2026-05-02,26,157974,3750,1738,11
TR000987,VID000987,AI Technology Explained,CH008,US,C05,2026-07-03,2026-03-18,27,152791,11365,1192,8
TR000988,VID000988,Top 10 Gaming Moments,CH002,JP,C01,2026-07-03,2026-03-17,28,669731,69721,8964,6
TR000989,VID000989,New Science Discovery Explained,CH009,GB,C06,2026-07-03,2026-05-04,29,581373,27922,1001,8
TR000990,VID000990,Championship Final Highlights,CH003,US,C04,2026-07-03,2026-06-20,30,115011,8315,656,10
TR000991,VID000991,K-Pop New Release Performance,CH009,GB,C06,2026-07-04,2026-03-21,1,183973,3777,192,14
TR000992,VID000992,Championship Final Highlights,CH006,JP,C08,2026-07-04,2026-05-26,2,39952,2367,74,8
TR000993,VID000993,New Science Discovery Explained,CH001,JP,C07,2026-07-04,2026-06-30,3,590669,15385,6050,11
TR000994,VID000994,Behind the Scenes: Movie Production,CH007,GB,C09,2026-07-04,2026-06-12,4,892656,52205,9479,13
TR000995,VID000995,The Ultimate Tech Review 2026,CH011,US,C02,2026-07-04,2026-06-22,5,331835,20569,4761,13
TR000996,VID000996,The Ultimate Tech Review 2026,CH007,GB,C09,2026-07-04,2026-05-29,6,1964870,204524,26795,13
TR000997,VID000997,Funny Moments You Can't Miss,CH002,JP,C01,2026-07-04,2026-06-19,7,448642,45838,4543,7
TR000998,VID000998,Best Travel Destinations 2026,CH008,CA,C05,2026-07-04,2026-03-14,8,125235,10786,1017,5
TR000999,VID000999,Breaking News: Global Update,CH005,TW,C02,2026-07-04,2026-03-19,9,1255521,136432,13969,14
TR001000,VID001000,2026 Global Music Festival Highlights,CH007,US,C09,2026-07-04,2026-03-07,10,1727873,128415,3072,4
TR001001,VID001001,Championship Final Highlights,CH011,KR,C02,2026-07-04,2026-03-16,11,370785,27419,4750,7
TR001002,VID001002,The Ultimate Tech Review 2026,CH012,TW,C01,2026-07-04,2026-03-13,12,145367,10556,1751,4
TR001003,VID001003,AI Technology Explained,CH001,US,C07,2026-07-04,2026-06-26,13,503561,57291,600,12
TR001004,VID001004,AI Technology Explained,CH012,AU,C01,2026-07-04,2026-06-17,14,60738,1712,304,9
TR001005,VID001005,New Science Discovery Explained,CH007,AU,C09,2026-07-04,2026-04-16,15,601053,38379,808,8
TR001006,VID001006,Funny Moments You Can't Miss,CH006,TW,C08,2026-07-04,2026-05-03,16,443835,40683,2714,14
TR001007,VID001007,New Science Discovery Explained,CH010,US,C10,2026-07-04,2026-04-09,17,180417,12004,287,11
TR001008,VID001008,New Science Discovery Explained,CH004,JP,C03,2026-07-04,2026-06-11,18,1034661,27985,2409,14
TR001009,VID001009,K-Pop New Release Performance,CH006,JP,C08,2026-07-04,2026-06-26,19,1151176,134371,8658,6
TR001010,VID001010,Best Travel Destinations 2026,CH012,TW,C01,2026-07-04,2026-03-12,20,4522942,541256,30484,14
TR001011,VID001011,AI Technology Explained,CH008,US,C05,2026-07-04,2026-03-08,21,109978,2124,608,12
TR001012,VID001012,AI Technology Explained,CH001,US,C07,2026-07-04,2026-06-24,22,2431702,160757,25979,11
TR001013,VID001013,The Ultimate Tech Review 2026,CH011,JP,C02,2026-07-04,2026-05-06,23,338384,33373,2853,4
TR001014,VID001014,Championship Final Highlights,CH005,KR,C02,2026-07-04,2026-03-22,24,101134,7252,1149,3
TR001015,VID001015,Best Travel Destinations 2026,CH003,GB,C04,2026-07-04,2026-05-12,25,425111,48803,2577,1
TR001016,VID001016,2026 Global Music Festival Highlights,CH001,TW,C07,2026-07-04,2026-06-24,26,108636,9682,429,4
TR001017,VID001017,Best Travel Destinations 2026,CH005,KR,C02,2026-07-04,2026-03-10,27,341936,13091,4040,1
TR001018,VID001018,Top 10 Gaming Moments,CH007,AU,C09,2026-07-04,2026-06-10,28,412654,6621,713,4
TR001019,VID001019,AI Technology Explained,CH012,US,C01,2026-07-04,2026-06-21,29,684200,14022,8108,2
TR001020,VID001020,The Ultimate Tech Review 2026,CH007,GB,C09,2026-07-04,2026-06-03,30,1028734,107750,9920,7
TR001021,VID001021,Amazing Street Food Tour,CH009,TW,C06,2026-07-05,2026-06-01,1,221382,21743,710,1
TR001022,VID001022,The Ultimate Tech Review 2026,CH005,JP,C02,2026-07-05,2026-04-25,2,228881,12213,2907,9
TR001023,VID001023,Top 10 Gaming Moments,CH011,JP,C02,2026-07-05,2026-05-05,3,441991,9476,4800,10
TR001024,VID001024,Best Travel Destinations 2026,CH006,TW,C08,2026-07-05,2026-05-09,4,1339031,156090,5884,9
TR001025,VID001025,Amazing Street Food Tour,CH009,GB,C06,2026-07-05,2026-05-01,5,137633,8452,735,4
TR001026,VID001026,2026 Global Music Festival Highlights,CH001,US,C07,2026-07-05,2026-04-14,6,446475,7911,2069,7
TR001027,VID001027,Amazing Street Food Tour,CH004,JP,C03,2026-07-05,2026-06-09,7,205639,7053,1823,4
TR001028,VID001028,Best Travel Destinations 2026,CH004,TW,C03,2026-07-05,2026-03-11,8,143191,3902,1433,9
TR001029,VID001029,Championship Final Highlights,CH010,JP,C10,2026-07-05,2026-05-27,9,700853,30432,4115,3
TR001030,VID001030,Behind the Scenes: Movie Production,CH009,TW,C06,2026-07-05,2026-03-30,10,554879,61493,7307,2
TR001031,VID001031,Championship Final Highlights,CH006,JP,C08,2026-07-05,2026-03-14,11,234354,8216,2803,3
TR001032,VID001032,AI Technology Explained,CH003,CA,C04,2026-07-05,2026-03-14,12,424516,39753,1888,12
TR001033,VID001033,K-Pop New Release Performance,CH012,US,C01,2026-07-05,2026-05-23,13,1202759,93359,6984,9
TR001034,VID001034,Top 10 Gaming Moments,CH009,US,C06,2026-07-05,2026-04-22,14,5061849,213261,62613,8
TR001035,VID001035,New Science Discovery Explained,CH012,AU,C01,2026-07-05,2026-03-08,15,634373,26022,651,2
TR001036,VID001036,Championship Final Highlights,CH006,TW,C08,2026-07-05,2026-04-08,16,732550,56382,4856,3
TR001037,VID001037,Top 10 Gaming Moments,CH008,CA,C05,2026-07-05,2026-03-25,17,294784,21161,3645,10
TR001038,VID001038,Best Travel Destinations 2026,CH012,TW,C01,2026-07-05,2026-06-24,18,34657,1777,390,11
TR001039,VID001039,Behind the Scenes: Movie Production,CH004,US,C03,2026-07-05,2026-06-02,19,409853,32385,1725,12
TR001040,VID001040,Breaking News: Global Update,CH002,KR,C01,2026-07-05,2026-06-20,20,207859,20450,1594,8
TR001041,VID001041,Top 10 Gaming Moments,CH011,US,C02,2026-07-05,2026-03-18,21,1003870,24415,13092,9
TR001042,VID001042,Best Travel Destinations 2026,CH008,CA,C05,2026-07-05,2026-03-23,22,675960,51700,5446,6
TR001043,VID001043,Best Travel Destinations 2026,CH010,JP,C10,2026-07-05,2026-06-24,23,59672,5959,365,5
TR001044,VID001044,2026 Global Music Festival Highlights,CH008,CA,C05,2026-07-05,2026-06-23,24,1033528,96290,2794,8
TR001045,VID001045,New Science Discovery Explained,CH004,JP,C03,2026-07-05,2026-04-21,25,634774,26397,5428,14
TR001046,VID001046,Amazing Street Food Tour,CH001,TW,C07,2026-07-05,2026-04-21,26,1164849,123197,5807,1
TR001047,VID001047,Behind the Scenes: Movie Production,CH010,US,C10,2026-07-05,2026-05-27,27,1253496,46151,15148,14
TR001048,VID001048,Behind the Scenes: Movie Production,CH012,AU,C01,2026-07-05,2026-05-24,28,138535,13761,1197,3
TR001049,VID001049,Funny Moments You Can't Miss,CH001,TW,C07,2026-07-05,2026-03-21,29,804784,75059,4824,6
TR001050,VID001050,Breaking News: Global Update,CH002,KR,C01,2026-07-05,2026-05-17,30,78832,7791,344,4
TR001051,VID001051,Best Travel Destinations 2026,CH012,US,C01,2026-07-06,2026-04-29,1,24451,927,58,9
TR001052,VID001052,Amazing Street Food Tour,CH006,TW,C08,2026-07-06,2026-05-19,2,406345,24773,1562,1
TR001053,VID001053,Championship Final Highlights,CH003,US,C04,2026-07-06,2026-03-25,3,336916,26140,606,13
TR001054,VID001054,K-Pop New Release Performance,CH001,JP,C07,2026-07-06,2026-06-06,4,1519245,98417,850,9
TR001055,VID001055,Championship Final Highlights,CH010,US,C10,2026-07-06,2026-07-02,5,1542631,51951,20646,2
TR001056,VID001056,Best Travel Destinations 2026,CH001,JP,C07,2026-07-06,2026-04-14,6,1183178,115889,11559,13
TR001057,VID001057,Funny Moments You Can't Miss,CH010,JP,C10,2026-07-06,2026-05-25,7,263614,31435,1690,10
TR001058,VID001058,AI Technology Explained,CH006,JP,C08,2026-07-06,2026-05-26,8,550070,42174,1664,9
TR001059,VID001059,The Ultimate Tech Review 2026,CH011,KR,C02,2026-07-06,2026-06-30,9,161858,5142,465,9
TR001060,VID001060,Behind the Scenes: Movie Production,CH010,US,C10,2026-07-06,2026-05-31,10,166667,6565,2213,4
TR001061,VID001061,The Ultimate Tech Review 2026,CH005,TW,C02,2026-07-06,2026-04-17,11,343872,15529,3845,10
TR001062,VID001062,Top 10 Gaming Moments,CH010,JP,C10,2026-07-06,2026-04-15,12,132728,7929,1129,12
TR001063,VID001063,2026 Global Music Festival Highlights,CH004,TW,C03,2026-07-06,2026-04-10,13,523122,53211,2563,13
TR001064,VID001064,Best Travel Destinations 2026,CH001,TW,C07,2026-07-06,2026-04-17,14,1414461,59801,5930,13
TR001065,VID001065,K-Pop New Release Performance,CH011,KR,C02,2026-07-06,2026-03-15,15,526841,42634,3053,1
TR001066,VID001066,Amazing Street Food Tour,CH009,US,C06,2026-07-06,2026-06-28,16,183821,9198,935,6
TR001067,VID001067,Behind the Scenes: Movie Production,CH001,US,C07,2026-07-06,2026-06-16,17,460164,9546,3802,9
TR001068,VID001068,K-Pop New Release Performance,CH003,US,C04,2026-07-06,2026-04-11,18,1781860,116949,14334,10
TR001069,VID001069,Amazing Street Food Tour,CH006,JP,C08,2026-07-06,2026-03-14,19,261879,9799,2698,8
TR001070,VID001070,Amazing Street Food Tour,CH002,TW,C01,2026-07-06,2026-06-21,20,758286,52101,10478,2
TR001071,VID001071,Funny Moments You Can't Miss,CH003,CA,C04,2026-07-06,2026-05-29,21,150509,17555,2071,2
TR001072,VID001072,Behind the Scenes: Movie Production,CH010,US,C10,2026-07-06,2026-06-10,22,645054,44520,3418,7
TR001073,VID001073,Breaking News: Global Update,CH004,JP,C03,2026-07-06,2026-05-06,23,1282331,77390,7820,13
TR001074,VID001074,Funny Moments You Can't Miss,CH003,US,C04,2026-07-06,2026-04-27,24,329077,16235,3160,8
TR001075,VID001075,Top 10 Gaming Moments,CH011,US,C02,2026-07-06,2026-06-10,25,693473,69714,2698,7
TR001076,VID001076,Breaking News: Global Update,CH009,US,C06,2026-07-06,2026-05-01,26,318017,24073,4576,9
TR001077,VID001077,Championship Final Highlights,CH005,TW,C02,2026-07-06,2026-03-30,27,360308,12700,1178,10
TR001078,VID001078,Top 10 Gaming Moments,CH012,US,C01,2026-07-06,2026-03-23,28,1353967,21699,2151,3
TR001079,VID001079,The Ultimate Tech Review 2026,CH010,JP,C10,2026-07-06,2026-04-22,29,415975,35038,3288,4
TR001080,VID001080,Behind the Scenes: Movie Production,CH002,TW,C01,2026-07-06,2026-05-13,30,1512160,40407,3286,2
TR001081,VID001081,New Science Discovery Explained,CH009,TW,C06,2026-07-07,2026-06-18,1,629043,59821,7294,1
TR001082,VID001082,Amazing Street Food Tour,CH004,JP,C03,2026-07-07,2026-06-23,2,1178796,123073,8846,12
TR001083,VID001083,K-Pop New Release Performance,CH005,JP,C02,2026-07-07,2026-06-17,3,220220,7297,1321,12
TR001084,VID001084,K-Pop New Release Performance,CH008,CA,C05,2026-07-07,2026-05-21,4,170407,17088,2225,5
TR001085,VID001085,Behind the Scenes: Movie Production,CH004,US,C03,2026-07-07,2026-04-21,5,137790,6143,1511,6
TR001086,VID001086,Breaking News: Global Update,CH010,JP,C10,2026-07-07,2026-05-29,6,2078277,124378,4919,1
TR001087,VID001087,Top 10 Gaming Moments,CH010,US,C10,2026-07-07,2026-03-12,7,1748566,82345,15908,1
TR001088,VID001088,The Ultimate Tech Review 2026,CH001,JP,C07,2026-07-07,2026-05-06,8,236417,9222,3143,1
TR001089,VID001089,K-Pop New Release Performance,CH011,US,C02,2026-07-07,2026-06-25,9,597462,34911,2835,1
TR001090,VID001090,The Ultimate Tech Review 2026,CH003,GB,C04,2026-07-07,2026-06-04,10,1008757,117763,14152,12
TR001091,VID001091,New Science Discovery Explained,CH007,AU,C09,2026-07-07,2026-04-04,11,1807092,116441,6116,14
TR001092,VID001092,Funny Moments You Can't Miss,CH008,US,C05,2026-07-07,2026-03-11,12,132112,6039,386,4
TR001093,VID001093,Funny Moments You Can't Miss,CH006,JP,C08,2026-07-07,2026-05-11,13,490882,44531,2755,2
TR001094,VID001094,New Science Discovery Explained,CH009,TW,C06,2026-07-07,2026-07-02,14,3473179,208710,25441,13
TR001095,VID001095,Funny Moments You Can't Miss,CH004,JP,C03,2026-07-07,2026-06-22,15,1670283,53050,22542,2
TR001096,VID001096,Funny Moments You Can't Miss,CH003,GB,C04,2026-07-07,2026-05-19,16,156947,15881,616,11
TR001097,VID001097,Amazing Street Food Tour,CH011,KR,C02,2026-07-07,2026-07-02,17,222960,12165,1836,7
TR001098,VID001098,Funny Moments You Can't Miss,CH012,TW,C01,2026-07-07,2026-06-17,18,1504440,61856,1090,7
TR001099,VID001099,Breaking News: Global Update,CH010,US,C10,2026-07-07,2026-06-14,19,1354079,54625,2219,4
TR001100,VID001100,Funny Moments You Can't Miss,CH001,JP,C07,2026-07-07,2026-03-29,20,448221,45164,6460,13
TR001101,VID001101,Breaking News: Global Update,CH008,US,C05,2026-07-07,2026-03-20,21,528049,42123,286,9
TR001102,VID001102,K-Pop New Release Performance,CH010,US,C10,2026-07-07,2026-06-17,22,320558,26219,2271,12
TR001103,VID001103,The Ultimate Tech Review 2026,CH002,KR,C01,2026-07-07,2026-03-21,23,806765,54945,613,14
TR001104,VID001104,2026 Global Music Festival Highlights,CH009,TW,C06,2026-07-07,2026-03-13,24,94101,9167,1132,9
TR001105,VID001105,2026 Global Music Festival Highlights,CH011,KR,C02,2026-07-07,2026-07-02,25,324855,14177,2345,2
TR001106,VID001106,AI Technology Explained,CH001,JP,C07,2026-07-07,2026-05-10,26,66855,4232,48,14
TR001107,VID001107,Best Travel Destinations 2026,CH008,US,C05,2026-07-07,2026-05-13,27,147850,5979,2055,1
TR001108,VID001108,Behind the Scenes: Movie Production,CH008,CA,C05,2026-07-07,2026-06-14,28,90351,7267,142,13
TR001109,VID001109,Top 10 Gaming Moments,CH001,US,C07,2026-07-07,2026-04-02,29,537352,8568,2277,13
TR001110,VID001110,K-Pop New Release Performance,CH012,TW,C01,2026-07-07,2026-06-18,30,1231661,20849,12295,6
TR001111,VID001111,The Ultimate Tech Review 2026,CH010,JP,C10,2026-07-08,2026-06-11,1,208175,10920,1892,6
TR001112,VID001112,AI Technology Explained,CH007,US,C09,2026-07-08,2026-04-29,2,648653,10354,2218,7
TR001113,VID001113,Best Travel Destinations 2026,CH010,US,C10,2026-07-08,2026-06-18,3,381895,32358,3114,12
TR001114,VID001114,Top 10 Gaming Moments,CH005,JP,C02,2026-07-08,2026-05-02,4,61465,3555,201,5
TR001115,VID001115,New Science Discovery Explained,CH008,CA,C05,2026-07-08,2026-05-01,5,229215,22039,1749,8
TR001116,VID001116,2026 Global Music Festival Highlights,CH003,GB,C04,2026-07-08,2026-04-09,6,622682,40853,947,9
TR001117,VID001117,New Science Discovery Explained,CH002,JP,C01,2026-07-08,2026-04-17,7,321134,27452,915,10
TR001118,VID001118,Behind the Scenes: Movie Production,CH011,KR,C02,2026-07-08,2026-03-21,8,74652,6028,761,3
TR001119,VID001119,Championship Final Highlights,CH003,US,C04,2026-07-08,2026-06-17,9,210978,23846,2307,6
TR001120,VID001120,Amazing Street Food Tour,CH005,KR,C02,2026-07-08,2026-06-06,10,1050550,100692,2108,6
TR001121,VID001121,Top 10 Gaming Moments,CH002,JP,C01,2026-07-08,2026-04-21,11,59294,5440,277,2
TR001122,VID001122,Funny Moments You Can't Miss,CH006,JP,C08,2026-07-08,2026-04-17,12,486211,39416,5173,11
TR001123,VID001123,Breaking News: Global Update,CH005,JP,C02,2026-07-08,2026-04-29,13,195555,21515,2416,3
TR001124,VID001124,Championship Final Highlights,CH005,JP,C02,2026-07-08,2026-04-16,14,1125326,28807,16258,2
TR001125,VID001125,Behind the Scenes: Movie Production,CH012,TW,C01,2026-07-08,2026-06-09,15,271676,26327,3173,9
TR001126,VID001126,Behind the Scenes: Movie Production,CH003,CA,C04,2026-07-08,2026-07-06,16,105213,5775,818,8
TR001127,VID001127,Top 10 Gaming Moments,CH003,CA,C04,2026-07-08,2026-04-10,17,981183,98143,13104,9
TR001128,VID001128,Championship Final Highlights,CH005,JP,C02,2026-07-08,2026-06-23,18,980809,110739,13962,10
TR001129,VID001129,Behind the Scenes: Movie Production,CH007,AU,C09,2026-07-08,2026-03-28,19,248549,14340,1505,7
TR001130,VID001130,New Science Discovery Explained,CH008,CA,C05,2026-07-08,2026-06-15,20,211512,9107,1667,9
TR001131,VID001131,AI Technology Explained,CH004,US,C03,2026-07-08,2026-04-24,21,454326,53249,3117,13
TR001132,VID001132,Top 10 Gaming Moments,CH010,US,C10,2026-07-08,2026-04-07,22,338746,39655,4390,1
TR001133,VID001133,AI Technology Explained,CH008,CA,C05,2026-07-08,2026-05-26,23,431277,8555,3616,12
TR001134,VID001134,The Ultimate Tech Review 2026,CH009,TW,C06,2026-07-08,2026-03-12,24,356055,37821,3595,8
TR001135,VID001135,Funny Moments You Can't Miss,CH007,AU,C09,2026-07-08,2026-06-14,25,1042088,33456,12796,1
TR001136,VID001136,2026 Global Music Festival Highlights,CH011,JP,C02,2026-07-08,2026-03-20,26,658716,72402,3392,4
TR001137,VID001137,New Science Discovery Explained,CH008,US,C05,2026-07-08,2026-04-09,27,286681,12015,934,6
TR001138,VID001138,The Ultimate Tech Review 2026,CH006,JP,C08,2026-07-08,2026-06-07,28,2476000,57743,8112,4
TR001139,VID001139,The Ultimate Tech Review 2026,CH010,JP,C10,2026-07-08,2026-05-11,29,489799,8552,3300,1
TR001140,VID001140,Funny Moments You Can't Miss,CH005,KR,C02,2026-07-08,2026-07-07,30,617484,73618,6209,10
TR001141,VID001141,Championship Final Highlights,CH011,KR,C02,2026-07-09,2026-03-30,1,451539,32606,2081,1
TR001142,VID001142,Funny Moments You Can't Miss,CH012,US,C01,2026-07-09,2026-04-12,2,102163,2369,208,1
TR001143,VID001143,Championship Final Highlights,CH010,US,C10,2026-07-09,2026-07-06,3,422838,22508,4131,1
TR001144,VID001144,AI Technology Explained,CH012,TW,C01,2026-07-09,2026-06-03,4,128913,6989,1316,4
TR001145,VID001145,2026 Global Music Festival Highlights,CH002,JP,C01,2026-07-09,2026-05-27,5,1163035,21257,16886,11
TR001146,VID001146,The Ultimate Tech Review 2026,CH007,AU,C09,2026-07-09,2026-06-15,6,224957,26743,240,1
TR001147,VID001147,Breaking News: Global Update,CH008,CA,C05,2026-07-09,2026-04-27,7,543114,35654,5806,11
TR001148,VID001148,Funny Moments You Can't Miss,CH006,JP,C08,2026-07-09,2026-05-09,8,87257,8071,282,11
TR001149,VID001149,Best Travel Destinations 2026,CH003,US,C04,2026-07-09,2026-05-09,9,128986,2609,566,9
TR001150,VID001150,K-Pop New Release Performance,CH011,JP,C02,2026-07-09,2026-05-16,10,223129,11542,1486,14
TR001151,VID001151,2026 Global Music Festival Highlights,CH003,US,C04,2026-07-09,2026-03-29,11,2816636,320440,14858,3
TR001152,VID001152,2026 Global Music Festival Highlights,CH004,JP,C03,2026-07-09,2026-06-13,12,340543,7825,3522,13
TR001153,VID001153,Amazing Street Food Tour,CH010,US,C10,2026-07-09,2026-03-12,13,646180,40485,5388,2
TR001154,VID001154,K-Pop New Release Performance,CH001,JP,C07,2026-07-09,2026-04-15,14,886802,59230,7890,2
TR001155,VID001155,Breaking News: Global Update,CH010,US,C10,2026-07-09,2026-04-28,15,550710,15255,903,14
TR001156,VID001156,New Science Discovery Explained,CH004,JP,C03,2026-07-09,2026-06-20,16,190646,16540,1985,8
TR001157,VID001157,K-Pop New Release Performance,CH006,JP,C08,2026-07-09,2026-05-09,17,2769568,136176,5189,1
TR001158,VID001158,AI Technology Explained,CH007,GB,C09,2026-07-09,2026-05-22,18,804839,80546,6664,5
TR001159,VID001159,AI Technology Explained,CH011,US,C02,2026-07-09,2026-04-19,19,605397,24966,878,7
TR001160,VID001160,Breaking News: Global Update,CH006,JP,C08,2026-07-09,2026-05-01,20,861159,65821,6838,10
TR001161,VID001161,Amazing Street Food Tour,CH008,US,C05,2026-07-09,2026-05-13,21,103095,6381,431,3
TR001162,VID001162,AI Technology Explained,CH005,TW,C02,2026-07-09,2026-05-27,22,2858605,134354,8965,10
TR001163,VID001163,2026 Global Music Festival Highlights,CH008,US,C05,2026-07-09,2026-05-01,23,752745,23027,6426,12
TR001164,VID001164,2026 Global Music Festival Highlights,CH003,GB,C04,2026-07-09,2026-05-23,24,149823,16214,1602,3
TR001165,VID001165,Funny Moments You Can't Miss,CH005,TW,C02,2026-07-09,2026-04-05,25,647611,45104,8407,1
TR001166,VID001166,The Ultimate Tech Review 2026,CH004,JP,C03,2026-07-09,2026-04-07,26,629601,51704,1000,11
TR001167,VID001167,K-Pop New Release Performance,CH001,JP,C07,2026-07-09,2026-05-22,27,720784,30188,7162,5
TR001168,VID001168,Best Travel Destinations 2026,CH010,JP,C10,2026-07-09,2026-04-01,28,2590865,223028,19975,12
TR001169,VID001169,Funny Moments You Can't Miss,CH003,US,C04,2026-07-09,2026-03-15,29,211635,13828,1232,11
TR001170,VID001170,Breaking News: Global Update,CH012,US,C01,2026-07-09,2026-04-23,30,192108,20399,2420,6
TR001171,VID001171,Behind the Scenes: Movie Production,CH007,US,C09,2026-07-10,2026-06-07,1,459338,26097,3541,8
TR001172,VID001172,Top 10 Gaming Moments,CH010,JP,C10,2026-07-10,2026-04-06,2,1318236,20881,2476,2
TR001173,VID001173,Championship Final Highlights,CH001,US,C07,2026-07-10,2026-04-14,3,167403,17938,2057,3
TR001174,VID001174,Best Travel Destinations 2026,CH012,AU,C01,2026-07-10,2026-06-16,4,1024962,107793,10817,14
TR001175,VID001175,The Ultimate Tech Review 2026,CH012,TW,C01,2026-07-10,2026-04-05,5,297001,25310,2486,5
TR001176,VID001176,2026 Global Music Festival Highlights,CH001,TW,C07,2026-07-10,2026-05-02,6,719398,70645,2709,4
TR001177,VID001177,Championship Final Highlights,CH007,AU,C09,2026-07-10,2026-04-11,7,119242,4597,913,10
TR001178,VID001178,2026 Global Music Festival Highlights,CH007,AU,C09,2026-07-10,2026-05-09,8,571856,28856,4840,10
TR001179,VID001179,Breaking News: Global Update,CH009,TW,C06,2026-07-10,2026-03-17,9,1096050,126820,15345,2
TR001180,VID001180,Amazing Street Food Tour,CH001,JP,C07,2026-07-10,2026-06-16,10,1577858,163823,10569,3
TR001181,VID001181,Top 10 Gaming Moments,CH009,TW,C06,2026-07-10,2026-06-18,11,1528713,135498,18254,8
TR001182,VID001182,Breaking News: Global Update,CH010,JP,C10,2026-07-10,2026-07-01,12,442732,20234,5837,14
TR001183,VID001183,Breaking News: Global Update,CH004,TW,C03,2026-07-10,2026-03-27,13,216084,22064,2313,2
TR001184,VID001184,Amazing Street Food Tour,CH010,US,C10,2026-07-10,2026-04-01,14,994101,104218,8146,13
TR001185,VID001185,Breaking News: Global Update,CH009,GB,C06,2026-07-10,2026-06-13,15,11298032,1131084,126143,5
TR001186,VID001186,Championship Final Highlights,CH007,US,C09,2026-07-10,2026-06-09,16,1082956,73134,14581,8
TR001187,VID001187,Behind the Scenes: Movie Production,CH009,US,C06,2026-07-10,2026-05-11,17,396849,28549,1050,14
TR001188,VID001188,Top 10 Gaming Moments,CH004,US,C03,2026-07-10,2026-04-09,18,303071,27279,4179,1
TR001189,VID001189,K-Pop New Release Performance,CH003,US,C04,2026-07-10,2026-06-18,19,3240928,190670,35957,1
TR001190,VID001190,The Ultimate Tech Review 2026,CH001,JP,C07,2026-07-10,2026-05-30,20,655342,67631,7216,1
TR001191,VID001191,Best Travel Destinations 2026,CH002,TW,C01,2026-07-10,2026-04-18,21,275089,10807,3068,8
TR001192,VID001192,The Ultimate Tech Review 2026,CH003,GB,C04,2026-07-10,2026-05-21,22,1430466,108606,19466,13
TR001193,VID001193,Amazing Street Food Tour,CH009,TW,C06,2026-07-10,2026-06-24,23,673516,67084,6220,9
TR001194,VID001194,2026 Global Music Festival Highlights,CH006,JP,C08,2026-07-10,2026-06-24,24,596987,37062,3073,5
TR001195,VID001195,Funny Moments You Can't Miss,CH011,KR,C02,2026-07-10,2026-06-27,25,540154,17020,5679,6
TR001196,VID001196,K-Pop New Release Performance,CH002,TW,C01,2026-07-10,2026-03-27,26,1321369,76165,2819,4
TR001197,VID001197,New Science Discovery Explained,CH001,JP,C07,2026-07-10,2026-05-25,27,396015,31858,521,10
TR001198,VID001198,Amazing Street Food Tour,CH009,GB,C06,2026-07-10,2026-06-24,28,330549,6563,1870,13
TR001199,VID001199,Championship Final Highlights,CH006,JP,C08,2026-07-10,2026-04-20,29,106209,5157,964,2
TR001200,VID001200,2026 Global Music Festival Highlights,CH005,JP,C02,2026-07-10,2026-04-15,30,474177,35456,5819,1
TR001201,VID001201,Amazing Street Food Tour,CH012,US,C01,2026-07-11,2026-04-25,1,207908,21673,2293,5
TR001202,VID001202,Amazing Street Food Tour,CH001,JP,C07,2026-07-11,2026-04-29,2,719544,61505,687,2
TR001203,VID001203,K-Pop New Release Performance,CH010,US,C10,2026-07-11,2026-06-04,3,1445434,106878,19225,2
TR001204,VID001204,Amazing Street Food Tour,CH008,CA,C05,2026-07-11,2026-06-15,4,221475,25048,1789,13
TR001205,VID001205,Best Travel Destinations 2026,CH001,US,C07,2026-07-11,2026-03-29,5,464784,36980,3483,2
TR001206,VID001206,Behind the Scenes: Movie Production,CH011,US,C02,2026-07-11,2026-03-20,6,911135,73060,9954,12
TR001207,VID001207,Behind the Scenes: Movie Production,CH009,TW,C06,2026-07-11,2026-06-22,7,545031,15434,3923,4
TR001208,VID001208,Best Travel Destinations 2026,CH001,TW,C07,2026-07-11,2026-06-08,8,1165067,29707,1149,14
TR001209,VID001209,Funny Moments You Can't Miss,CH008,CA,C05,2026-07-11,2026-03-30,9,467447,44413,3876,5
TR001210,VID001210,Best Travel Destinations 2026,CH007,AU,C09,2026-07-11,2026-05-18,10,274745,20906,357,11
TR001211,VID001211,Championship Final Highlights,CH006,JP,C08,2026-07-11,2026-05-06,11,576225,42165,8065,6
TR001212,VID001212,Breaking News: Global Update,CH002,KR,C01,2026-07-11,2026-05-24,12,424924,25182,4571,11
TR001213,VID001213,Amazing Street Food Tour,CH012,TW,C01,2026-07-11,2026-05-04,13,395281,20105,5210,5
TR001214,VID001214,AI Technology Explained,CH010,JP,C10,2026-07-11,2026-06-22,14,694415,58923,1139,5
TR001215,VID001215,AI Technology Explained,CH008,CA,C05,2026-07-11,2026-04-07,15,313395,24426,935,13
TR001216,VID001216,Top 10 Gaming Moments,CH002,KR,C01,2026-07-11,2026-05-07,16,68052,1939,473,9
TR001217,VID001217,The Ultimate Tech Review 2026,CH012,TW,C01,2026-07-11,2026-06-08,17,2896016,335779,26755,4
TR001218,VID001218,Best Travel Destinations 2026,CH008,US,C05,2026-07-11,2026-03-14,18,908982,102992,11877,1
TR001219,VID001219,New Science Discovery Explained,CH002,KR,C01,2026-07-11,2026-05-17,19,683727,34575,5001,1
TR001220,VID001220,Best Travel Destinations 2026,CH005,TW,C02,2026-07-11,2026-06-06,20,1203820,21311,6555,14
TR001221,VID001221,Championship Final Highlights,CH003,US,C04,2026-07-11,2026-06-28,21,532356,24100,5194,7
TR001222,VID001222,2026 Global Music Festival Highlights,CH007,GB,C09,2026-07-11,2026-05-26,22,809695,90720,691,11
TR001223,VID001223,AI Technology Explained,CH003,US,C04,2026-07-11,2026-05-12,23,497512,56251,1716,6
TR001224,VID001224,Championship Final Highlights,CH006,TW,C08,2026-07-11,2026-05-15,24,740580,29272,3199,5
TR001225,VID001225,The Ultimate Tech Review 2026,CH009,US,C06,2026-07-11,2026-04-25,25,162774,19374,665,12
TR001226,VID001226,AI Technology Explained,CH011,US,C02,2026-07-11,2026-06-15,26,95872,3683,126,2
TR001227,VID001227,K-Pop New Release Performance,CH001,TW,C07,2026-07-11,2026-05-16,27,1370129,110376,13663,11
TR001228,VID001228,Amazing Street Food Tour,CH002,TW,C01,2026-07-11,2026-04-04,28,73589,4286,813,3
TR001229,VID001229,The Ultimate Tech Review 2026,CH012,AU,C01,2026-07-11,2026-06-30,29,900938,22506,3069,4
TR001230,VID001230,Amazing Street Food Tour,CH006,JP,C08,2026-07-11,2026-03-16,30,64710,2046,459,6
TR001231,VID001231,Championship Final Highlights,CH001,JP,C07,2026-07-12,2026-04-25,1,103581,9493,249,13
TR001232,VID001232,Funny Moments You Can't Miss,CH003,GB,C04,2026-07-12,2026-06-26,2,271116,5015,3723,14
TR001233,VID001233,Best Travel Destinations 2026,CH010,JP,C10,2026-07-12,2026-07-05,3,225530,15120,1489,13
TR001234,VID001234,Behind the Scenes: Movie Production,CH008,US,C05,2026-07-12,2026-03-27,4,1152607,41093,1501,13
TR001235,VID001235,Championship Final Highlights,CH008,CA,C05,2026-07-12,2026-05-16,5,254673,13389,158,11
TR001236,VID001236,The Ultimate Tech Review 2026,CH007,US,C09,2026-07-12,2026-06-02,6,147687,16048,1220,4
TR001237,VID001237,Breaking News: Global Update,CH006,JP,C08,2026-07-12,2026-03-18,7,2039731,50689,16180,13
TR001238,VID001238,Amazing Street Food Tour,CH006,TW,C08,2026-07-12,2026-06-26,8,262888,14537,3733,14
TR001239,VID001239,New Science Discovery Explained,CH001,TW,C07,2026-07-12,2026-06-15,9,339231,22563,4344,9
TR001240,VID001240,Breaking News: Global Update,CH012,AU,C01,2026-07-12,2026-06-21,10,1741229,187908,15439,3
TR001241,VID001241,Best Travel Destinations 2026,CH007,GB,C09,2026-07-12,2026-04-26,11,240986,11447,1141,7
TR001242,VID001242,Breaking News: Global Update,CH012,AU,C01,2026-07-12,2026-04-23,12,429986,46209,2789,1
TR001243,VID001243,Top 10 Gaming Moments,CH007,US,C09,2026-07-12,2026-05-24,13,976425,27079,2098,6
TR001244,VID001244,Best Travel Destinations 2026,CH001,US,C07,2026-07-12,2026-06-30,14,144528,16917,150,3
TR001245,VID001245,Top 10 Gaming Moments,CH001,US,C07,2026-07-12,2026-07-11,15,578555,14451,1085,5
TR001246,VID001246,New Science Discovery Explained,CH007,US,C09,2026-07-12,2026-04-24,16,194317,8270,440,8
TR001247,VID001247,Best Travel Destinations 2026,CH007,AU,C09,2026-07-12,2026-05-19,17,162196,13076,1795,3
TR001248,VID001248,New Science Discovery Explained,CH002,JP,C01,2026-07-12,2026-07-05,18,317631,7398,3351,3
TR001249,VID001249,Best Travel Destinations 2026,CH006,TW,C08,2026-07-12,2026-04-23,19,1163773,35823,1233,4
TR001250,VID001250,Amazing Street Food Tour,CH008,CA,C05,2026-07-12,2026-06-03,20,725036,46538,6652,7
TR001251,VID001251,Behind the Scenes: Movie Production,CH010,JP,C10,2026-07-12,2026-06-16,21,364566,15391,282,11
TR001252,VID001252,Behind the Scenes: Movie Production,CH007,US,C09,2026-07-12,2026-05-24,22,390872,43692,4488,13
TR001253,VID001253,Behind the Scenes: Movie Production,CH006,TW,C08,2026-07-12,2026-05-04,23,860502,32760,5903,13
TR001254,VID001254,New Science Discovery Explained,CH003,US,C04,2026-07-12,2026-05-19,24,159362,13430,396,5
TR001255,VID001255,Best Travel Destinations 2026,CH012,AU,C01,2026-07-12,2026-07-10,25,754945,61057,3218,9
TR001256,VID001256,2026 Global Music Festival Highlights,CH002,TW,C01,2026-07-12,2026-06-12,26,474192,22224,2611,10
TR001257,VID001257,K-Pop New Release Performance,CH008,US,C05,2026-07-12,2026-06-19,27,1625934,68327,17163,2
TR001258,VID001258,AI Technology Explained,CH009,US,C06,2026-07-12,2026-07-08,28,221590,22938,1392,6
TR001259,VID001259,Breaking News: Global Update,CH007,AU,C09,2026-07-12,2026-07-06,29,195300,21264,1507,4
TR001260,VID001260,Amazing Street Food Tour,CH010,JP,C10,2026-07-12,2026-03-29,30,4009536,157008,25613,4
TR001261,VID001261,Funny Moments You Can't Miss,CH008,US,C05,2026-07-13,2026-05-04,1,514644,28157,6181,5
TR001262,VID001262,AI Technology Explained,CH003,GB,C04,2026-07-13,2026-04-16,2,242635,25424,1340,7
TR001263,VID001263,2026 Global Music Festival Highlights,CH001,TW,C07,2026-07-13,2026-05-10,3,582301,58001,2582,8
TR001264,VID001264,AI Technology Explained,CH012,AU,C01,2026-07-13,2026-03-17,4,282768,8021,861,13
TR001265,VID001265,Best Travel Destinations 2026,CH012,US,C01,2026-07-13,2026-05-23,5,137381,8994,1167,4
TR001266,VID001266,Funny Moments You Can't Miss,CH004,TW,C03,2026-07-13,2026-05-27,6,215136,7061,3119,2
TR001267,VID001267,2026 Global Music Festival Highlights,CH011,US,C02,2026-07-13,2026-05-25,7,265188,10685,632,10
TR001268,VID001268,The Ultimate Tech Review 2026,CH002,TW,C01,2026-07-13,2026-05-11,8,777561,79694,3206,12
TR001269,VID001269,Top 10 Gaming Moments,CH010,JP,C10,2026-07-13,2026-06-01,9,61126,1827,220,9
TR001270,VID001270,Top 10 Gaming Moments,CH004,US,C03,2026-07-13,2026-04-07,10,381477,22376,4894,6
TR001271,VID001271,Breaking News: Global Update,CH006,TW,C08,2026-07-13,2026-04-24,11,621383,18095,3195,4
TR001272,VID001272,K-Pop New Release Performance,CH010,JP,C10,2026-07-13,2026-05-14,12,98564,6039,885,10
TR001273,VID001273,Funny Moments You Can't Miss,CH010,US,C10,2026-07-13,2026-06-29,13,726044,80313,10493,10
TR001274,VID001274,New Science Discovery Explained,CH004,TW,C03,2026-07-13,2026-04-14,14,390776,37472,3026,11
TR001275,VID001275,New Science Discovery Explained,CH010,JP,C10,2026-07-13,2026-03-25,15,90206,8277,361,9
TR001276,VID001276,Top 10 Gaming Moments,CH002,JP,C01,2026-07-13,2026-03-18,16,227600,19644,3364,9
TR001277,VID001277,Amazing Street Food Tour,CH011,JP,C02,2026-07-13,2026-05-13,17,452316,33719,3906,4
TR001278,VID001278,New Science Discovery Explained,CH006,TW,C08,2026-07-13,2026-05-15,18,264886,14994,3834,11
TR001279,VID001279,Amazing Street Food Tour,CH010,US,C10,2026-07-13,2026-03-29,19,76275,1434,647,10
TR001280,VID001280,K-Pop New Release Performance,CH006,TW,C08,2026-07-13,2026-05-18,20,95994,9314,557,3
TR001281,VID001281,K-Pop New Release Performance,CH002,TW,C01,2026-07-13,2026-07-09,21,255100,22897,1551,14
TR001282,VID001282,Funny Moments You Can't Miss,CH011,KR,C02,2026-07-13,2026-06-24,22,736518,20842,4860,1
TR001283,VID001283,AI Technology Explained,CH007,AU,C09,2026-07-13,2026-05-19,23,391294,46408,3709,2
TR001284,VID001284,New Science Discovery Explained,CH010,US,C10,2026-07-13,2026-06-24,24,486891,22561,4748,1
TR001285,VID001285,Behind the Scenes: Movie Production,CH008,US,C05,2026-07-13,2026-05-23,25,295964,4495,1108,8
TR001286,VID001286,AI Technology Explained,CH012,US,C01,2026-07-13,2026-05-03,26,910024,33211,4873,10
TR001287,VID001287,Championship Final Highlights,CH012,TW,C01,2026-07-13,2026-06-26,27,218214,8559,1218,8
TR001288,VID001288,2026 Global Music Festival Highlights,CH008,CA,C05,2026-07-13,2026-07-02,28,636212,55208,344,2
TR001289,VID001289,The Ultimate Tech Review 2026,CH005,KR,C02,2026-07-13,2026-04-30,29,132222,3746,178,7
TR001290,VID001290,AI Technology Explained,CH010,US,C10,2026-07-13,2026-04-20,30,993622,117250,13846,12
TR001291,VID001291,Breaking News: Global Update,CH001,JP,C07,2026-07-14,2026-03-24,1,602783,59947,1727,1
TR001292,VID001292,New Science Discovery Explained,CH010,JP,C10,2026-07-14,2026-06-19,2,520990,27483,1210,11
TR001293,VID001293,Amazing Street Food Tour,CH006,JP,C08,2026-07-14,2026-04-26,3,585442,28713,1235,11
TR001294,VID001294,The Ultimate Tech Review 2026,CH005,TW,C02,2026-07-14,2026-07-10,4,62650,1263,36,2
TR001295,VID001295,Amazing Street Food Tour,CH008,CA,C05,2026-07-14,2026-05-09,5,77298,6592,280,3
TR001296,VID001296,Top 10 Gaming Moments,CH003,CA,C04,2026-07-14,2026-06-16,6,176018,20724,115,4
TR001297,VID001297,Behind the Scenes: Movie Production,CH001,JP,C07,2026-07-14,2026-05-27,7,1573138,37736,4971,12
TR001298,VID001298,Amazing Street Food Tour,CH012,AU,C01,2026-07-14,2026-05-12,8,723179,56154,6703,9
TR001299,VID001299,Behind the Scenes: Movie Production,CH007,AU,C09,2026-07-14,2026-04-27,9,144983,15657,1437,3
TR001300,VID001300,Championship Final Highlights,CH008,US,C05,2026-07-14,2026-06-27,10,435400,24730,384,9
TR001301,VID001301,Behind the Scenes: Movie Production,CH007,GB,C09,2026-07-14,2026-04-02,11,758465,21536,10313,13
TR001302,VID001302,AI Technology Explained,CH012,AU,C01,2026-07-14,2026-04-20,12,777312,90783,8201,8
TR001303,VID001303,New Science Discovery Explained,CH005,KR,C02,2026-07-14,2026-07-02,13,166716,2855,1242,5
TR001304,VID001304,Breaking News: Global Update,CH012,US,C01,2026-07-14,2026-05-31,14,857833,81705,12782,3
TR001305,VID001305,Breaking News: Global Update,CH007,AU,C09,2026-07-14,2026-04-23,15,1139428,130245,15932,7
TR001306,VID001306,Best Travel Destinations 2026,CH009,TW,C06,2026-07-14,2026-05-17,16,638917,67128,4905,9
TR001307,VID001307,AI Technology Explained,CH008,CA,C05,2026-07-14,2026-07-05,17,216377,21996,503,5
TR001308,VID001308,Amazing Street Food Tour,CH004,US,C03,2026-07-14,2026-03-25,18,401663,37418,3808,13
TR001309,VID001309,Funny Moments You Can't Miss,CH010,US,C10,2026-07-14,2026-05-14,19,887475,58634,6396,10
TR001310,VID001310,2026 Global Music Festival Highlights,CH011,KR,C02,2026-07-14,2026-04-14,20,416954,7422,283,6
TR001311,VID001311,2026 Global Music Festival Highlights,CH012,AU,C01,2026-07-14,2026-06-10,21,1254868,25315,16138,12
TR001312,VID001312,K-Pop New Release Performance,CH006,TW,C08,2026-07-14,2026-03-29,22,703035,76403,5147,9
TR001313,VID001313,New Science Discovery Explained,CH009,GB,C06,2026-07-14,2026-06-28,23,337745,23404,3908,9
TR001314,VID001314,Top 10 Gaming Moments,CH012,US,C01,2026-07-14,2026-06-30,24,94518,5872,133,14
TR001315,VID001315,Breaking News: Global Update,CH009,TW,C06,2026-07-14,2026-04-23,25,70244,2313,266,7
TR001316,VID001316,Best Travel Destinations 2026,CH008,US,C05,2026-07-14,2026-06-26,26,1669719,81845,15049,12
TR001317,VID001317,Breaking News: Global Update,CH001,JP,C07,2026-07-14,2026-06-13,27,691938,34590,6316,14
TR001318,VID001318,Breaking News: Global Update,CH007,US,C09,2026-07-14,2026-07-08,28,438896,51264,4968,9
TR001319,VID001319,Behind the Scenes: Movie Production,CH011,JP,C02,2026-07-14,2026-06-04,29,1364566,157563,10556,7
TR001320,VID001320,Amazing Street Food Tour,CH010,US,C10,2026-07-14,2026-04-02,30,377973,38709,4851,5
TR001321,VID001321,Best Travel Destinations 2026,CH002,JP,C01,2026-07-15,2026-03-29,1,177407,20928,989,11
TR001322,VID001322,K-Pop New Release Performance,CH012,TW,C01,2026-07-15,2026-05-24,2,52610,5692,269,9
TR001323,VID001323,Top 10 Gaming Moments,CH003,US,C04,2026-07-15,2026-04-22,3,193980,3144,463,8
TR001324,VID001324,New Science Discovery Explained,CH003,CA,C04,2026-07-15,2026-07-10,4,209624,3179,2753,11
TR001325,VID001325,K-Pop New Release Performance,CH005,KR,C02,2026-07-15,2026-06-05,5,29590,1039,158,4
TR001326,VID001326,AI Technology Explained,CH011,KR,C02,2026-07-15,2026-05-31,6,402514,33679,2630,14
TR001327,VID001327,Best Travel Destinations 2026,CH001,JP,C07,2026-07-15,2026-07-01,7,855067,23151,9042,13
TR001328,VID001328,Championship Final Highlights,CH009,TW,C06,2026-07-15,2026-05-19,8,1309070,46827,16663,13
TR001329,VID001329,Amazing Street Food Tour,CH007,US,C09,2026-07-15,2026-04-11,9,541458,44435,7755,7
TR001330,VID001330,AI Technology Explained,CH011,US,C02,2026-07-15,2026-04-26,10,2191558,254715,4132,2
TR001331,VID001331,Amazing Street Food Tour,CH012,US,C01,2026-07-15,2026-05-12,11,650664,15580,6458,7
TR001332,VID001332,Top 10 Gaming Moments,CH006,TW,C08,2026-07-15,2026-04-29,12,893284,23755,5880,13
TR001333,VID001333,2026 Global Music Festival Highlights,CH011,KR,C02,2026-07-15,2026-05-05,13,483846,55070,6327,4
TR001334,VID001334,AI Technology Explained,CH002,TW,C01,2026-07-15,2026-06-12,14,473166,15550,2405,3
TR001335,VID001335,AI Technology Explained,CH006,JP,C08,2026-07-15,2026-05-02,15,1545171,150857,3379,6
TR001336,VID001336,Championship Final Highlights,CH008,US,C05,2026-07-15,2026-04-25,16,1305396,45010,12987,7
TR001337,VID001337,Amazing Street Food Tour,CH010,JP,C10,2026-07-15,2026-05-07,17,337597,22199,1458,13
TR001338,VID001338,Behind the Scenes: Movie Production,CH003,GB,C04,2026-07-15,2026-03-18,18,146579,4611,979,10
TR001339,VID001339,Amazing Street Food Tour,CH008,US,C05,2026-07-15,2026-04-15,19,877349,71671,12009,3
TR001340,VID001340,AI Technology Explained,CH001,US,C07,2026-07-15,2026-06-04,20,1289691,97476,3490,13
TR001341,VID001341,Championship Final Highlights,CH004,JP,C03,2026-07-15,2026-04-22,21,1038659,104676,2440,11
TR001342,VID001342,Best Travel Destinations 2026,CH008,US,C05,2026-07-15,2026-06-09,22,1522190,104926,18485,12
TR001343,VID001343,AI Technology Explained,CH012,AU,C01,2026-07-15,2026-04-13,23,570526,33310,3640,10
TR001344,VID001344,Funny Moments You Can't Miss,CH004,US,C03,2026-07-15,2026-04-19,24,219311,22361,651,5
TR001345,VID001345,Funny Moments You Can't Miss,CH009,TW,C06,2026-07-15,2026-06-02,25,1008981,110473,7061,12
TR001346,VID001346,Breaking News: Global Update,CH009,US,C06,2026-07-15,2026-04-12,26,480556,21683,2111,2
TR001347,VID001347,The Ultimate Tech Review 2026,CH005,TW,C02,2026-07-15,2026-06-02,27,1450943,66548,5265,3
TR001348,VID001348,Best Travel Destinations 2026,CH003,US,C04,2026-07-15,2026-04-06,28,123474,4724,891,7
TR001349,VID001349,Top 10 Gaming Moments,CH002,TW,C01,2026-07-15,2026-04-01,29,3485841,362430,2225,8
TR001350,VID001350,New Science Discovery Explained,CH011,KR,C02,2026-07-15,2026-05-01,30,518188,36590,2872,1
TR001351,VID001351,Funny Moments You Can't Miss,CH003,CA,C04,2026-07-16,2026-06-20,1,2306967,234026,30570,6
TR001352,VID001352,Best Travel Destinations 2026,CH011,KR,C02,2026-07-16,2026-05-21,2,434080,35692,5740,5
TR001353,VID001353,K-Pop New Release Performance,CH005,KR,C02,2026-07-16,2026-07-14,3,344657,39563,4961,13
TR001354,VID001354,Breaking News: Global Update,CH005,KR,C02,2026-07-16,2026-07-15,4,306064,31731,2737,3
TR001355,VID001355,Behind the Scenes: Movie Production,CH002,KR,C01,2026-07-16,2026-04-11,5,877165,39264,9173,6
TR001356,VID001356,Breaking News: Global Update,CH001,JP,C07,2026-07-16,2026-03-29,6,290338,13171,3550,3
TR001357,VID001357,Top 10 Gaming Moments,CH010,JP,C10,2026-07-16,2026-07-01,7,327013,17906,2146,13
TR001358,VID001358,Best Travel Destinations 2026,CH009,GB,C06,2026-07-16,2026-03-25,8,1009320,62739,6945,1
TR001359,VID001359,The Ultimate Tech Review 2026,CH012,TW,C01,2026-07-16,2026-07-04,9,1489316,172576,11532,2
TR001360,VID001360,Behind the Scenes: Movie Production,CH009,GB,C06,2026-07-16,2026-07-12,10,877469,62653,3028,13
TR001361,VID001361,Behind the Scenes: Movie Production,CH002,JP,C01,2026-07-16,2026-04-24,11,277559,18676,2369,3
TR001362,VID001362,Breaking News: Global Update,CH006,TW,C08,2026-07-16,2026-07-01,12,405043,33879,352,12
TR001363,VID001363,Behind the Scenes: Movie Production,CH010,US,C10,2026-07-16,2026-05-30,13,99156,2112,517,3
TR001364,VID001364,K-Pop New Release Performance,CH012,US,C01,2026-07-16,2026-06-18,14,437005,24856,5949,11
TR001365,VID001365,The Ultimate Tech Review 2026,CH001,JP,C07,2026-07-16,2026-05-27,15,79088,1908,295,1
TR001366,VID001366,AI Technology Explained,CH012,TW,C01,2026-07-16,2026-06-06,16,983021,96359,661,10
TR001367,VID001367,AI Technology Explained,CH006,TW,C08,2026-07-16,2026-04-17,17,485073,31274,4275,9
TR001368,VID001368,Amazing Street Food Tour,CH010,US,C10,2026-07-16,2026-04-05,18,712289,28428,3068,13
TR001369,VID001369,Behind the Scenes: Movie Production,CH011,US,C02,2026-07-16,2026-04-21,19,514734,51281,2418,5
TR001370,VID001370,AI Technology Explained,CH003,GB,C04,2026-07-16,2026-06-27,20,330154,34253,2680,5
TR001371,VID001371,AI Technology Explained,CH009,GB,C06,2026-07-16,2026-04-19,21,201858,11262,2634,3
TR001372,VID001372,K-Pop New Release Performance,CH009,GB,C06,2026-07-16,2026-03-22,22,900806,33728,9036,13
TR001373,VID001373,Funny Moments You Can't Miss,CH011,JP,C02,2026-07-16,2026-05-05,23,49123,5802,303,11
TR001374,VID001374,The Ultimate Tech Review 2026,CH008,US,C05,2026-07-16,2026-04-22,24,183036,8271,517,13
TR001375,VID001375,AI Technology Explained,CH003,US,C04,2026-07-16,2026-05-25,25,392857,44319,4228,5
TR001376,VID001376,Breaking News: Global Update,CH006,TW,C08,2026-07-16,2026-04-29,26,2205358,225762,12655,4
TR001377,VID001377,AI Technology Explained,CH006,JP,C08,2026-07-16,2026-05-14,27,424517,7241,4344,9
TR001378,VID001378,Amazing Street Food Tour,CH004,TW,C03,2026-07-16,2026-03-31,28,101265,10068,1213,14
TR001379,VID001379,Best Travel Destinations 2026,CH009,GB,C06,2026-07-16,2026-05-30,29,187284,13747,1210,6
TR001380,VID001380,AI Technology Explained,CH005,TW,C02,2026-07-16,2026-07-11,30,181576,7120,2125,10
TR001381,VID001381,Breaking News: Global Update,CH004,TW,C03,2026-07-17,2026-05-25,1,981468,63338,7546,5
TR001382,VID001382,Behind the Scenes: Movie Production,CH003,GB,C04,2026-07-17,2026-07-12,2,2972824,345696,23436,4
TR001383,VID001383,Championship Final Highlights,CH004,TW,C03,2026-07-17,2026-04-24,3,150255,9773,1738,6
TR001384,VID001384,Top 10 Gaming Moments,CH012,AU,C01,2026-07-17,2026-05-28,4,451159,32924,5150,6
TR001385,VID001385,AI Technology Explained,CH005,KR,C02,2026-07-17,2026-06-07,5,693724,54499,1222,1
TR001386,VID001386,Breaking News: Global Update,CH001,TW,C07,2026-07-17,2026-03-28,6,174465,9161,1547,7
TR001387,VID001387,New Science Discovery Explained,CH008,CA,C05,2026-07-17,2026-05-08,7,306267,25506,1614,8
TR001388,VID001388,The Ultimate Tech Review 2026,CH001,TW,C07,2026-07-17,2026-05-27,8,893170,51914,9776,13
TR001389,VID001389,The Ultimate Tech Review 2026,CH007,GB,C09,2026-07-17,2026-05-01,9,955531,19265,8423,4
TR001390,VID001390,The Ultimate Tech Review 2026,CH009,US,C06,2026-07-17,2026-04-08,10,516248,47447,7243,14
TR001391,VID001391,AI Technology Explained,CH009,GB,C06,2026-07-17,2026-07-07,11,417303,7530,4382,14
TR001392,VID001392,Funny Moments You Can't Miss,CH008,US,C05,2026-07-17,2026-06-10,12,1010952,22009,8923,14
TR001393,VID001393,Championship Final Highlights,CH007,GB,C09,2026-07-17,2026-06-21,13,609867,9964,6452,3
TR001394,VID001394,AI Technology Explained,CH012,US,C01,2026-07-17,2026-06-18,14,1205296,62404,16630,2
TR001395,VID001395,2026 Global Music Festival Highlights,CH005,JP,C02,2026-07-17,2026-05-03,15,137260,13494,1889,13
TR001396,VID001396,AI Technology Explained,CH010,JP,C10,2026-07-17,2026-06-14,16,542222,60179,4567,10
TR001397,VID001397,The Ultimate Tech Review 2026,CH008,CA,C05,2026-07-17,2026-07-11,17,151553,3859,674,11
TR001398,VID001398,Funny Moments You Can't Miss,CH008,CA,C05,2026-07-17,2026-03-31,18,1359769,21781,3441,8
TR001399,VID001399,Top 10 Gaming Moments,CH001,US,C07,2026-07-17,2026-06-26,19,376825,41760,4453,2
TR001400,VID001400,Funny Moments You Can't Miss,CH003,CA,C04,2026-07-17,2026-04-30,20,749611,61460,7208,6
TR001401,VID001401,Breaking News: Global Update,CH010,US,C10,2026-07-17,2026-07-15,21,345053,40488,3193,12
TR001402,VID001402,New Science Discovery Explained,CH009,TW,C06,2026-07-17,2026-05-19,22,557346,44363,6970,11
TR001403,VID001403,Top 10 Gaming Moments,CH001,JP,C07,2026-07-17,2026-04-21,23,1342610,70452,2779,7
TR001404,VID001404,Top 10 Gaming Moments,CH002,KR,C01,2026-07-17,2026-05-15,24,594449,21777,1569,8
TR001405,VID001405,Breaking News: Global Update,CH008,US,C05,2026-07-17,2026-07-09,25,91911,5840,565,14
TR001406,VID001406,Amazing Street Food Tour,CH006,TW,C08,2026-07-17,2026-06-07,26,174142,7478,630,13
TR001407,VID001407,New Science Discovery Explained,CH012,TW,C01,2026-07-17,2026-04-24,27,218801,7190,2526,5
TR001408,VID001408,Behind the Scenes: Movie Production,CH004,TW,C03,2026-07-17,2026-06-05,28,94786,7014,341,7
TR001409,VID001409,2026 Global Music Festival Highlights,CH006,JP,C08,2026-07-17,2026-07-02,29,27298,442,234,5
TR001410,VID001410,2026 Global Music Festival Highlights,CH009,TW,C06,2026-07-17,2026-03-27,30,1326687,99489,1947,4
TR001411,VID001411,Best Travel Destinations 2026,CH001,JP,C07,2026-07-18,2026-06-18,1,210360,18480,2073,8
TR001412,VID001412,Behind the Scenes: Movie Production,CH012,US,C01,2026-07-18,2026-04-02,2,261481,24780,3064,11
TR001413,VID001413,Breaking News: Global Update,CH012,AU,C01,2026-07-18,2026-05-01,3,729650,50215,5217,13
TR001414,VID001414,Amazing Street Food Tour,CH004,US,C03,2026-07-18,2026-06-20,4,1079860,49767,8602,13
TR001415,VID001415,2026 Global Music Festival Highlights,CH001,TW,C07,2026-07-18,2026-05-27,5,2595623,157775,25010,1
TR001416,VID001416,Championship Final Highlights,CH009,GB,C06,2026-07-18,2026-05-20,6,540098,14813,6227,14
TR001417,VID001417,Top 10 Gaming Moments,CH001,TW,C07,2026-07-18,2026-04-26,7,125741,13392,947,3
TR001418,VID001418,Best Travel Destinations 2026,CH010,JP,C10,2026-07-18,2026-05-22,8,1065695,72788,13017,13
TR001419,VID001419,The Ultimate Tech Review 2026,CH007,AU,C09,2026-07-18,2026-05-27,9,179179,18364,1269,6
TR001420,VID001420,Championship Final Highlights,CH001,JP,C07,2026-07-18,2026-07-05,10,1786950,145778,26406,5
TR001421,VID001421,AI Technology Explained,CH006,JP,C08,2026-07-18,2026-05-13,11,2638972,175312,21119,4
TR001422,VID001422,The Ultimate Tech Review 2026,CH010,US,C10,2026-07-18,2026-07-10,12,179087,18088,1510,6
TR001423,VID001423,Amazing Street Food Tour,CH008,US,C05,2026-07-18,2026-07-03,13,216371,7816,3002,8
TR001424,VID001424,K-Pop New Release Performance,CH012,AU,C01,2026-07-18,2026-05-09,14,220979,9194,1728,9
TR001425,VID001425,The Ultimate Tech Review 2026,CH002,TW,C01,2026-07-18,2026-04-18,15,166247,14016,2098,12
TR001426,VID001426,The Ultimate Tech Review 2026,CH007,GB,C09,2026-07-18,2026-04-12,16,458707,16730,2477,3
TR001427,VID001427,Breaking News: Global Update,CH001,US,C07,2026-07-18,2026-05-21,17,938452,98229,11388,5
TR001428,VID001428,Championship Final Highlights,CH008,CA,C05,2026-07-18,2026-06-30,18,1803327,46377,16627,5
TR001429,VID001429,Best Travel Destinations 2026,CH009,GB,C06,2026-07-18,2026-06-25,19,2095107,146412,5850,10
TR001430,VID001430,2026 Global Music Festival Highlights,CH007,AU,C09,2026-07-18,2026-04-29,20,495154,22572,1286,6
TR001431,VID001431,2026 Global Music Festival Highlights,CH005,KR,C02,2026-07-18,2026-03-31,21,1094449,108668,4338,11
TR001432,VID001432,AI Technology Explained,CH008,CA,C05,2026-07-18,2026-06-04,22,156545,18555,2206,2
TR001433,VID001433,2026 Global Music Festival Highlights,CH001,US,C07,2026-07-18,2026-06-03,23,829161,72445,11705,1
TR001434,VID001434,AI Technology Explained,CH004,JP,C03,2026-07-18,2026-05-19,24,2235365,155772,9822,1
TR001435,VID001435,Behind the Scenes: Movie Production,CH011,JP,C02,2026-07-18,2026-05-24,25,357297,28520,2276,10
TR001436,VID001436,Championship Final Highlights,CH005,TW,C02,2026-07-18,2026-03-26,26,58640,1927,567,14
TR001437,VID001437,2026 Global Music Festival Highlights,CH009,GB,C06,2026-07-18,2026-07-16,27,3357819,225649,8241,4
TR001438,VID001438,AI Technology Explained,CH012,AU,C01,2026-07-18,2026-06-06,28,3470877,128764,17752,5
TR001439,VID001439,Behind the Scenes: Movie Production,CH002,TW,C01,2026-07-18,2026-05-09,29,1562764,83918,22535,1
TR001440,VID001440,Best Travel Destinations 2026,CH011,US,C02,2026-07-18,2026-05-07,30,844642,36700,3920,14
TR001441,VID001441,Championship Final Highlights,CH005,TW,C02,2026-07-19,2026-04-03,1,1743071,126085,15791,13
TR001442,VID001442,2026 Global Music Festival Highlights,CH003,US,C04,2026-07-19,2026-05-07,2,2299041,132948,4948,8
TR001443,VID001443,Funny Moments You Can't Miss,CH002,TW,C01,2026-07-19,2026-05-18,3,394138,28863,5015,14
TR001444,VID001444,2026 Global Music Festival Highlights,CH006,TW,C08,2026-07-19,2026-07-07,4,1574160,112499,4280,10
TR001445,VID001445,New Science Discovery Explained,CH007,AU,C09,2026-07-19,2026-03-29,5,34708,1110,370,3
TR001446,VID001446,Breaking News: Global Update,CH003,GB,C04,2026-07-19,2026-05-11,6,612304,44858,7375,3
TR001447,VID001447,Behind the Scenes: Movie Production,CH011,JP,C02,2026-07-19,2026-06-25,7,89387,8754,867,3
TR001448,VID001448,Breaking News: Global Update,CH004,JP,C03,2026-07-19,2026-05-03,8,325455,13984,4407,11
TR001449,VID001449,Top 10 Gaming Moments,CH012,AU,C01,2026-07-19,2026-05-10,9,86489,2390,166,12
TR001450,VID001450,Top 10 Gaming Moments,CH007,GB,C09,2026-07-19,2026-06-07,10,313162,30921,856,11
TR001451,VID001451,AI Technology Explained,CH012,AU,C01,2026-07-19,2026-06-28,11,348238,35976,2767,5
TR001452,VID001452,Funny Moments You Can't Miss,CH002,JP,C01,2026-07-19,2026-05-20,12,424136,14773,1863,11
TR001453,VID001453,Top 10 Gaming Moments,CH008,CA,C05,2026-07-19,2026-06-26,13,193956,18607,1017,6
TR001454,VID001454,K-Pop New Release Performance,CH003,CA,C04,2026-07-19,2026-04-21,14,153460,6532,643,3
TR001455,VID001455,Behind the Scenes: Movie Production,CH010,JP,C10,2026-07-19,2026-04-30,15,917913,68374,13200,14
TR001456,VID001456,Best Travel Destinations 2026,CH002,KR,C01,2026-07-19,2026-05-08,16,870092,60730,8808,14
TR001457,VID001457,Top 10 Gaming Moments,CH005,KR,C02,2026-07-19,2026-07-15,17,631174,11039,1045,6
TR001458,VID001458,Top 10 Gaming Moments,CH005,TW,C02,2026-07-19,2026-06-01,18,72455,7525,805,12
TR001459,VID001459,Amazing Street Food Tour,CH008,CA,C05,2026-07-19,2026-04-10,19,5227310,322548,53282,13
TR001460,VID001460,Top 10 Gaming Moments,CH006,JP,C08,2026-07-19,2026-05-13,20,147742,16851,284,1
TR001461,VID001461,AI Technology Explained,CH005,JP,C02,2026-07-19,2026-04-19,21,2359451,69818,9815,6
TR001462,VID001462,K-Pop New Release Performance,CH001,US,C07,2026-07-19,2026-04-03,22,458108,19796,2538,1
TR001463,VID001463,K-Pop New Release Performance,CH009,US,C06,2026-07-19,2026-05-28,23,372614,36331,5305,4
TR001464,VID001464,Breaking News: Global Update,CH002,JP,C01,2026-07-19,2026-04-24,24,5458006,367769,81014,11
TR001465,VID001465,2026 Global Music Festival Highlights,CH006,TW,C08,2026-07-19,2026-04-30,25,206969,10443,2533,11
TR001466,VID001466,AI Technology Explained,CH011,KR,C02,2026-07-19,2026-05-23,26,859104,46177,9424,5
TR001467,VID001467,Championship Final Highlights,CH006,JP,C08,2026-07-19,2026-05-10,27,3209174,230605,40851,3
TR001468,VID001468,Funny Moments You Can't Miss,CH010,US,C10,2026-07-19,2026-06-06,28,283657,22250,3760,5
TR001469,VID001469,AI Technology Explained,CH006,JP,C08,2026-07-19,2026-05-29,29,323619,34635,1108,5
TR001470,VID001470,Behind the Scenes: Movie Production,CH010,JP,C10,2026-07-19,2026-05-20,30,199588,15272,619,1
TR001471,VID001471,Breaking News: Global Update,CH010,JP,C10,2026-07-20,2026-06-11,1,329381,11649,1525,2
TR001472,VID001472,Best Travel Destinations 2026,CH002,KR,C01,2026-07-20,2026-05-28,2,1478572,145036,13203,8
TR001473,VID001473,Top 10 Gaming Moments,CH010,JP,C10,2026-07-20,2026-04-07,3,1000711,58033,13215,1
TR001474,VID001474,Behind the Scenes: Movie Production,CH003,CA,C04,2026-07-20,2026-07-11,4,153496,11619,913,7
TR001475,VID001475,Amazing Street Food Tour,CH004,US,C03,2026-07-20,2026-05-09,5,766009,38766,1166,7
TR001476,VID001476,New Science Discovery Explained,CH009,TW,C06,2026-07-20,2026-04-25,6,1253930,56512,14522,1
TR001477,VID001477,Behind the Scenes: Movie Production,CH004,US,C03,2026-07-20,2026-06-02,7,133545,13803,88,1
TR001478,VID001478,New Science Discovery Explained,CH006,JP,C08,2026-07-20,2026-03-29,8,299327,21298,1012,12
TR001479,VID001479,New Science Discovery Explained,CH009,US,C06,2026-07-20,2026-05-24,9,832096,68520,9707,6
TR001480,VID001480,2026 Global Music Festival Highlights,CH007,US,C09,2026-07-20,2026-05-25,10,324454,23572,2904,13
TR001481,VID001481,The Ultimate Tech Review 2026,CH009,GB,C06,2026-07-20,2026-05-21,11,961479,58074,12033,12
TR001482,VID001482,New Science Discovery Explained,CH007,GB,C09,2026-07-20,2026-05-24,12,272683,23034,4088,5
TR001483,VID001483,Best Travel Destinations 2026,CH004,TW,C03,2026-07-20,2026-05-27,13,194627,5054,767,14
TR001484,VID001484,The Ultimate Tech Review 2026,CH004,JP,C03,2026-07-20,2026-06-03,14,757301,59174,6556,5
TR001485,VID001485,AI Technology Explained,CH004,JP,C03,2026-07-20,2026-06-14,15,316098,19277,1785,10
TR001486,VID001486,The Ultimate Tech Review 2026,CH009,TW,C06,2026-07-20,2026-06-29,16,806522,37916,11982,10
TR001487,VID001487,Breaking News: Global Update,CH010,JP,C10,2026-07-20,2026-06-14,17,402181,40372,5768,13
TR001488,VID001488,Championship Final Highlights,CH004,JP,C03,2026-07-20,2026-04-02,18,2496304,131842,18080,14
TR001489,VID001489,Behind the Scenes: Movie Production,CH001,US,C07,2026-07-20,2026-05-21,19,253015,6777,1194,9
TR001490,VID001490,Top 10 Gaming Moments,CH003,GB,C04,2026-07-20,2026-04-24,20,323815,7657,174,5
TR001491,VID001491,Amazing Street Food Tour,CH008,CA,C05,2026-07-20,2026-06-30,21,390938,13219,3863,1
TR001492,VID001492,Championship Final Highlights,CH007,AU,C09,2026-07-20,2026-07-18,22,304753,6942,2205,5
TR001493,VID001493,Best Travel Destinations 2026,CH011,JP,C02,2026-07-20,2026-05-27,23,939795,51394,6788,14
TR001494,VID001494,K-Pop New Release Performance,CH002,TW,C01,2026-07-20,2026-04-09,24,488857,37489,681,13
TR001495,VID001495,2026 Global Music Festival Highlights,CH002,JP,C01,2026-07-20,2026-04-30,25,136321,8764,1491,6
TR001496,VID001496,K-Pop New Release Performance,CH004,TW,C03,2026-07-20,2026-07-07,26,706826,55903,9978,6
TR001497,VID001497,The Ultimate Tech Review 2026,CH005,TW,C02,2026-07-20,2026-04-19,27,660321,21857,3752,7
TR001498,VID001498,2026 Global Music Festival Highlights,CH010,US,C10,2026-07-20,2026-05-29,28,429477,22817,5475,3
TR001499,VID001499,AI Technology Explained,CH011,KR,C02,2026-07-20,2026-05-03,29,126750,6505,702,14
TR001500,VID001500,Behind the Scenes: Movie Production,CH002,JP,C01,2026-07-20,2026-07-15,30,641599,19434,631,12
TR001501,VID001501,Amazing Street Food Tour,CH008,US,C05,2026-07-21,2026-06-04,1,161988,7702,2271,13
TR001502,VID001502,Amazing Street Food Tour,CH001,JP,C07,2026-07-21,2026-04-28,2,1566596,106527,16618,10
TR001503,VID001503,Behind the Scenes: Movie Production,CH004,JP,C03,2026-07-21,2026-06-20,3,961254,86070,629,10
TR001504,VID001504,Best Travel Destinations 2026,CH004,JP,C03,2026-07-21,2026-05-23,4,132069,6298,1735,2
TR001505,VID001505,Behind the Scenes: Movie Production,CH001,US,C07,2026-07-21,2026-06-07,5,95541,8635,1076,3
TR001506,VID001506,K-Pop New Release Performance,CH010,US,C10,2026-07-21,2026-04-27,6,143115,8238,771,5
TR001507,VID001507,Behind the Scenes: Movie Production,CH002,KR,C01,2026-07-21,2026-03-25,7,450936,28308,5241,2
TR001508,VID001508,Best Travel Destinations 2026,CH008,CA,C05,2026-07-21,2026-03-31,8,205526,18768,2212,14
TR001509,VID001509,Best Travel Destinations 2026,CH010,JP,C10,2026-07-21,2026-05-20,9,462072,45160,1757,13
TR001510,VID001510,Behind the Scenes: Movie Production,CH009,GB,C06,2026-07-21,2026-05-03,10,1077523,108239,8249,7
TR001511,VID001511,The Ultimate Tech Review 2026,CH010,US,C10,2026-07-21,2026-03-30,11,40350,2509,588,1
TR001512,VID001512,Best Travel Destinations 2026,CH005,TW,C02,2026-07-21,2026-05-20,12,196524,22318,2156,12
TR001513,VID001513,Breaking News: Global Update,CH005,TW,C02,2026-07-21,2026-06-04,13,1024358,56997,8869,14
TR001514,VID001514,Amazing Street Food Tour,CH006,TW,C08,2026-07-21,2026-05-14,14,417304,23149,1166,2
TR001515,VID001515,Breaking News: Global Update,CH002,JP,C01,2026-07-21,2026-06-06,15,180293,20430,138,8
TR001516,VID001516,The Ultimate Tech Review 2026,CH002,JP,C01,2026-07-21,2026-06-27,16,233868,8251,2381,12
TR001517,VID001517,Amazing Street Food Tour,CH007,AU,C09,2026-07-21,2026-05-16,17,1325671,93763,12000,5
TR001518,VID001518,Amazing Street Food Tour,CH007,US,C09,2026-07-21,2026-07-13,18,864095,99554,6428,8
TR001519,VID001519,Breaking News: Global Update,CH010,JP,C10,2026-07-21,2026-04-06,19,382126,21795,5013,9
TR001520,VID001520,K-Pop New Release Performance,CH008,CA,C05,2026-07-21,2026-03-30,20,582353,54265,692,1
TR001521,VID001521,New Science Discovery Explained,CH012,TW,C01,2026-07-21,2026-04-19,21,742063,64558,7359,5
TR001522,VID001522,Top 10 Gaming Moments,CH004,TW,C03,2026-07-21,2026-06-04,22,6358403,438030,57315,2
TR001523,VID001523,Championship Final Highlights,CH007,US,C09,2026-07-21,2026-05-01,23,41517,1740,26,1
TR001524,VID001524,Amazing Street Food Tour,CH003,GB,C04,2026-07-21,2026-05-15,24,159542,8982,2038,10
TR001525,VID001525,Best Travel Destinations 2026,CH003,CA,C04,2026-07-21,2026-06-11,25,160382,9156,561,5
TR001526,VID001526,AI Technology Explained,CH004,US,C03,2026-07-21,2026-06-24,26,470001,24130,1411,1
TR001527,VID001527,Behind the Scenes: Movie Production,CH010,US,C10,2026-07-21,2026-05-21,27,304955,25312,2017,13
TR001528,VID001528,Top 10 Gaming Moments,CH002,TW,C01,2026-07-21,2026-07-15,28,275504,10354,1223,9
TR001529,VID001529,Behind the Scenes: Movie Production,CH011,JP,C02,2026-07-21,2026-04-03,29,2670386,246405,6689,12
TR001530,VID001530,Top 10 Gaming Moments,CH008,CA,C05,2026-07-21,2026-05-25,30,322437,24313,773,12
TR001531,VID001531,Best Travel Destinations 2026,CH011,US,C02,2026-07-22,2026-05-20,1,1968934,183813,18245,11
TR001532,VID001532,Top 10 Gaming Moments,CH005,KR,C02,2026-07-22,2026-07-19,2,376950,30899,239,12
TR001533,VID001533,Funny Moments You Can't Miss,CH012,AU,C01,2026-07-22,2026-04-24,3,714378,36906,7300,7
TR001534,VID001534,AI Technology Explained,CH012,US,C01,2026-07-22,2026-03-30,4,1199745,31410,9156,3
TR001535,VID001535,Amazing Street Food Tour,CH004,TW,C03,2026-07-22,2026-05-07,5,348240,7779,3405,9
TR001536,VID001536,The Ultimate Tech Review 2026,CH011,US,C02,2026-07-22,2026-07-13,6,383166,44807,5455,11
TR001537,VID001537,K-Pop New Release Performance,CH011,US,C02,2026-07-22,2026-04-17,7,766377,38758,2334,8
TR001538,VID001538,AI Technology Explained,CH003,CA,C04,2026-07-22,2026-06-21,8,228655,15780,965,5
TR001539,VID001539,AI Technology Explained,CH012,AU,C01,2026-07-22,2026-04-13,9,122320,10769,1724,2
TR001540,VID001540,2026 Global Music Festival Highlights,CH004,JP,C03,2026-07-22,2026-06-16,10,87917,7292,86,1
TR001541,VID001541,New Science Discovery Explained,CH009,GB,C06,2026-07-22,2026-04-29,11,313432,13407,2492,12
TR001542,VID001542,Funny Moments You Can't Miss,CH001,TW,C07,2026-07-22,2026-07-17,12,447917,26224,6266,14
TR001543,VID001543,Behind the Scenes: Movie Production,CH008,CA,C05,2026-07-22,2026-03-30,13,840463,82294,9423,13
TR001544,VID001544,The Ultimate Tech Review 2026,CH004,TW,C03,2026-07-22,2026-06-09,14,2910982,122997,29371,8
TR001545,VID001545,Top 10 Gaming Moments,CH011,JP,C02,2026-07-22,2026-06-15,15,981626,62176,5677,13
TR001546,VID001546,Top 10 Gaming Moments,CH010,JP,C10,2026-07-22,2026-03-26,16,2265326,81173,17358,3
TR001547,VID001547,AI Technology Explained,CH002,KR,C01,2026-07-22,2026-06-08,17,83985,1366,345,1
TR001548,VID001548,2026 Global Music Festival Highlights,CH005,TW,C02,2026-07-22,2026-06-30,18,126795,3484,90,7
TR001549,VID001549,Amazing Street Food Tour,CH009,US,C06,2026-07-22,2026-05-19,19,623135,74226,2968,12
TR001550,VID001550,Breaking News: Global Update,CH012,US,C01,2026-07-22,2026-03-27,20,595256,61928,3470,9
TR001551,VID001551,Championship Final Highlights,CH002,JP,C01,2026-07-22,2026-05-10,21,1293705,84796,2119,13
TR001552,VID001552,Funny Moments You Can't Miss,CH007,AU,C09,2026-07-22,2026-04-12,22,550516,57335,4438,6
TR001553,VID001553,New Science Discovery Explained,CH004,TW,C03,2026-07-22,2026-04-10,23,255447,17694,1103,2
TR001554,VID001554,2026 Global Music Festival Highlights,CH012,US,C01,2026-07-22,2026-04-26,24,191873,4049,1131,8
TR001555,VID001555,Breaking News: Global Update,CH002,KR,C01,2026-07-22,2026-05-02,25,566710,65886,2068,13
TR001556,VID001556,AI Technology Explained,CH010,JP,C10,2026-07-22,2026-03-28,26,1580563,53645,13452,14
TR001557,VID001557,Funny Moments You Can't Miss,CH008,CA,C05,2026-07-22,2026-06-25,27,1174524,29980,12811,10
TR001558,VID001558,Breaking News: Global Update,CH012,US,C01,2026-07-22,2026-05-06,28,1122281,104357,7303,12
TR001559,VID001559,Top 10 Gaming Moments,CH005,TW,C02,2026-07-22,2026-05-26,29,585511,64744,5645,8
TR001560,VID001560,Funny Moments You Can't Miss,CH007,US,C09,2026-07-22,2026-05-03,30,402476,10134,3740,10
